outcome,conf_low,conf_high,std_estimate,model,term,estimate,std_error,statistic,p_value,nobs,missingness_handling
Age 15 parent-reported internalising,-0.26739867240347504,0.016033554627458785,,base,(Intercept),-0.12568255888800814,0.07230413954870761,-1.7382484553784394,0.0822308902138826,5674,Complete-case analysis on a common comparison sample; family-cluster-robust standard errors
Age 15 parent-reported internalising,0.5759813719428885,0.6206034858007011,0.5982924288717948,base,baseline_internalising_z,0.5982924288717948,0.011383192310666479,52.55928324352144,0,5674,Complete-case analysis on a common comparison sample; family-cluster-robust standard errors
Age 15 parent-reported internalising,-0.01546664055995593,0.02753835210661018,0.006035855773327126,base,baseline_age_z,0.006035855773327126,0.010970661394532172,0.5501815757740389,0.5822203279390405,5674,Complete-case analysis on a common comparison sample; family-cluster-robust standard errors
Age 15 parent-reported internalising,0.1220660833484234,0.16477076572782634,0.14341842453812487,base,sex_z,0.14341842453812487,0.010894051627398708,13.164837972442257,6.515598013406074e-39,5674,Complete-case analysis on a common comparison sample; family-cluster-robust standard errors
Age 15 parent-reported internalising,-0.047423919198743655,0.011724439406122875,-0.01784973989631039,base,household_income_z,-0.01784973989631039,0.01508886699103738,-1.1829741694265672,0.23687771845254227,5674,Complete-case analysis on a common comparison sample; family-cluster-robust standard errors
Age 15 parent-reported internalising,-0.007312533380185098,0.04132249865434501,0.017004982637079953,base,parent_education_z,0.017004982637079953,0.012406895927176047,1.3706073410217188,0.17056120266858085,5674,Complete-case analysis on a common comparison sample; family-cluster-robust standard errors
Age 15 parent-reported internalising,-0.05491702936482419,0.013266008987017904,-0.020825510188903145,base,neighborhood_risk_z,-0.020825510188903145,0.01739363223261278,-1.1973065723360328,0.23124595083592273,5674,Complete-case analysis on a common comparison sample; family-cluster-robust standard errors
Age 15 parent-reported internalising,0.01378087558181637,0.3516775620235535,0.18272921880268495,base,site2,0.18272921880268495,0.08619813429636151,2.1198744067294513,0.034067591561944756,5674,Complete-case analysis on a common comparison sample; family-cluster-robust standard errors
Age 15 parent-reported internalising,-0.19208799924245398,0.17064799208372625,-0.010720003579363858,base,site3,-0.010720003579363858,0.09253469166484189,-0.11584848219078112,0.9077774509303186,5674,Complete-case analysis on a common comparison sample; family-cluster-robust standard errors
Age 15 parent-reported internalising,-0.0898204487143846,0.24391509251255267,0.07704732189908403,base,site4,0.07704732189908403,0.08513661765993298,0.9049845297688407,0.36551880523735114,5674,Complete-case analysis on a common comparison sample; family-cluster-robust standard errors
Age 15 parent-reported internalising,-0.12578713456677648,0.2278522247019647,0.05103254506759411,base,site5,0.05103254506759411,0.09021412226243397,0.5656824429232911,0.5716359986142345,5674,Complete-case analysis on a common comparison sample; family-cluster-robust standard errors
Age 15 parent-reported internalising,-0.031391512038360075,0.29931319384082733,0.1339608409012336,base,site6,0.1339608409012336,0.08436344537734372,1.587901493378429,0.1123741926910531,5674,Complete-case analysis on a common comparison sample; family-cluster-robust standard errors
Age 15 parent-reported internalising,-0.07202045184437653,0.3254183293753016,0.12669893876546254,base,site7,0.12669893876546254,0.1013874441886934,1.2496511750474901,0.2114876627570098,5674,Complete-case analysis on a common comparison sample; family-cluster-robust standard errors
Age 15 parent-reported internalising,-0.04903413230950285,0.3474661500035868,0.14921600884704198,base,site8,0.14921600884704198,0.10114803120231879,1.475224056003388,0.14021761812478248,5674,Complete-case analysis on a common comparison sample; family-cluster-robust standard errors
Age 15 parent-reported internalising,-0.23395132916670824,0.18363115248564293,-0.02516008834053266,base,site9,-0.02516008834053266,0.10652614327866101,-0.2361869825204932,0.8132976136694335,5674,Complete-case analysis on a common comparison sample; family-cluster-robust standard errors
Age 15 parent-reported internalising,-0.03131203298662655,0.28760905362091005,0.12814851031714175,base,site10,0.12814851031714175,0.08135742005294301,1.5751299664339113,0.11529206353374728,5674,Complete-case analysis on a common comparison sample; family-cluster-robust standard errors
Age 15 parent-reported internalising,0.009356580685695282,0.46596700069433317,0.23766179069001422,base,site11,0.23766179069001422,0.11648225000220354,2.0403262358472496,0.04137222120020303,5674,Complete-case analysis on a common comparison sample; family-cluster-robust standard errors
Age 15 parent-reported internalising,-0.032710107146520784,0.312162252278675,0.1397260725660771,base,site12,0.1397260725660771,0.08797764271050913,1.5881997773666936,0.11230674727589988,5674,Complete-case analysis on a common comparison sample; family-cluster-robust standard errors
Age 15 parent-reported internalising,0.06408906214420942,0.40912667333720676,0.2366078677407081,base,site13,0.2366078677407081,0.08801979877372382,2.688120980019119,0.007210230680118762,5674,Complete-case analysis on a common comparison sample; family-cluster-robust standard errors
Age 15 parent-reported internalising,-0.023246825367299107,0.3153139759662392,0.14603357529947006,base,site14,0.14603357529947006,0.08636755136059651,1.6908384340984686,0.09093230397416298,5674,Complete-case analysis on a common comparison sample; family-cluster-robust standard errors
Age 15 parent-reported internalising,-0.11484125247178353,0.26541848706324456,0.07528861729573053,base,site15,0.07528861729573053,0.09700503559567045,0.7761310207600277,0.4377097025274428,5674,Complete-case analysis on a common comparison sample; family-cluster-robust standard errors
Age 15 parent-reported internalising,-0.012154701974717408,0.30977479945152264,0.14881004873840262,base,site16,0.14881004873840262,0.08212487281281634,1.811997311430593,0.07004880261892152,5674,Complete-case analysis on a common comparison sample; family-cluster-robust standard errors
Age 15 parent-reported internalising,0.002793165085192839,0.337767904293392,0.1702805346892924,base,site17,0.1702805346892924,0.08545273959392835,1.9926866651492505,0.046352054573810614,5674,Complete-case analysis on a common comparison sample; family-cluster-robust standard errors
Age 15 parent-reported internalising,0.07241392637791871,0.4303893186825665,0.2514016225302426,base,site18,0.2514016225302426,0.09132025313894077,2.7529667723078175,0.005927900994472069,5674,Complete-case analysis on a common comparison sample; family-cluster-robust standard errors
Age 15 parent-reported internalising,-0.1014474879496045,0.2370395215118261,0.06779601678111082,base,site19,0.06779601678111082,0.08634872690342618,0.7851420537668723,0.43240886653442945,5674,Complete-case analysis on a common comparison sample; family-cluster-robust standard errors
Age 15 parent-reported internalising,0.0024143711628415443,0.3384469867598739,0.17043067896135772,base,site20,0.17043067896135772,0.085722606019651107,1.9881649295903123,0.0468499130340237,5674,Complete-case analysis on a common comparison sample; family-cluster-robust standard errors
Age 15 parent-reported internalising,-0.060017735159837035,0.2746506554809903,0.10731646016057665,base,site21,0.10731646016057665,0.08537458944919066,1.257007042176693,0.20881198039894264,5674,Complete-case analysis on a common comparison sample; family-cluster-robust standard errors
Age 15 parent-reported internalising,-0.2633946549648418,0.018026184560789207,,field,(Intercept),-0.1226842352020263,0.07179103049123241,-1.7089075663429751,0.08753243575466871,5674,Complete-case analysis on a common comparison sample; family-cluster-robust standard errors
Age 15 parent-reported internalising,0.5695825594510926,0.6144941150281755,0.5920383372396341,field,baseline_internalising_z,0.5920383372396341,0.011457029483949723,51.674680428205846,0,5674,Complete-case analysis on a common comparison sample; family-cluster-robust standard errors
Age 15 parent-reported internalising,-0.022621066678286693,0.02073377188365888,-9.436473973139068e-4,field,baseline_age_z,-9.436473973139068e-4,0.011059907796414687,-0.08532145246453238,0.9320093800198759,5674,Complete-case analysis on a common comparison sample; family-cluster-robust standard errors
Age 15 parent-reported internalising,0.1275130101742535,0.17026323095058618,0.14888812056241985,field,sex_z,0.14888812056241985,0.01090566856539099,13.652360666352408,1.1535023461903565e-41,5674,Complete-case analysis on a common comparison sample; family-cluster-robust standard errors
Age 15 parent-reported internalising,-0.047409908029531364,0.011729430386979954,-0.017840238821275705,field,household_income_z,-0.017840238821275705,0.015086565922579419,-1.1825248312192096,0.23705583549039477,5674,Complete-case analysis on a common comparison sample; family-cluster-robust standard errors
Age 15 parent-reported internalising,-0.00711806853092474,0.0415826755794979,0.01723230352428658,field,parent_education_z,0.01723230352428658,0.01242365921184251,1.3870553941032415,0.16548899406264989,5674,Complete-case analysis on a common comparison sample; family-cluster-robust standard errors
Age 15 parent-reported internalising,-0.057307681665812835,0.010773906612962254,-0.02326688752642529,field,neighborhood_risk_z,-0.02326688752642529,0.01736775211193242,-1.3396602724678401,0.18041896352738956,5674,Complete-case analysis on a common comparison sample; family-cluster-robust standard errors
Age 15 parent-reported internalising,0.017574027411612153,0.3524909997307467,0.18503251357117942,field,site2,0.18503251357117942,0.08543800314263636,2.165693330428999,0.030383503801344913,5674,Complete-case analysis on a common comparison sample; family-cluster-robust standard errors
Age 15 parent-reported internalising,-0.19704162199281267,0.1630450859778262,-0.01699826800749324,field,site3,-0.01699826800749324,0.09185885407414257,-0.18504768189001497,0.8531994205759338,5674,Complete-case analysis on a common comparison sample; family-cluster-robust standard errors
Age 15 parent-reported internalising,-0.09162507596116982,0.2403228244781908,0.07434887425851049,field,site4,0.07434887425851049,0.08468058684677567,0.8779919580982619,0.379991835880622,5674,Complete-case analysis on a common comparison sample; family-cluster-robust standard errors
Age 15 parent-reported internalising,-0.12499449357032441,0.22743740269845267,0.051221454564064135,field,site5,0.051221454564064135,0.08990609598693293,0.5697217079863942,0.5688930095387441,5674,Complete-case analysis on a common comparison sample; family-cluster-robust standard errors
Age 15 parent-reported internalising,-0.03626865882531374,0.29275126805398477,0.1282413046143355,field,site6,0.1282413046143355,0.08393365481614758,1.5278889605753685,0.12660571254545216,5674,Complete-case analysis on a common comparison sample; family-cluster-robust standard errors
Age 15 parent-reported internalising,-0.0809457315569423,0.31420160360163885,0.11662793602234826,field,site7,0.11662793602234826,0.10080289162208703,1.1569899845689922,0.24733377545369045,5674,Complete-case analysis on a common comparison sample; family-cluster-robust standard errors
Age 15 parent-reported internalising,-0.047023281181287346,0.34735380063103616,0.1501652597248744,field,site8,0.1501652597248744,0.1006063984215111,1.4926014854018161,0.1356069692351895,5674,Complete-case analysis on a common comparison sample; family-cluster-robust standard errors
Age 15 parent-reported internalising,-0.23320765445078556,0.1831874701625339,-0.025010092144125827,field,site9,-0.025010092144125827,0.10622324607482639,-0.23544838882543728,0.8138707331072461,5674,Complete-case analysis on a common comparison sample; family-cluster-robust standard errors
Age 15 parent-reported internalising,-0.03585385379806352,0.28093272025061033,0.12253943322627339,field,site10,0.12253943322627339,0.08081290154302904,1.5163350267905793,0.12950022200756825,5674,Complete-case analysis on a common comparison sample; family-cluster-robust standard errors
Age 15 parent-reported internalising,-0.008286557349271362,0.448045507861583,0.2198794752561558,field,site11,0.2198794752561558,0.11641124112521795,1.8888165191851367,0.058976389939737923,5674,Complete-case analysis on a common comparison sample; family-cluster-robust standard errors
Age 15 parent-reported internalising,-0.03940289335688829,0.30402503338504855,0.13231107001408013,field,site12,0.13231107001408013,0.08760916498518798,1.5102423363634372,0.1310471354918595,5674,Complete-case analysis on a common comparison sample; family-cluster-robust standard errors
Age 15 parent-reported internalising,0.06367381917534878,0.4068342641356455,0.23525404165549713,field,site13,0.23525404165549713,0.08754092983681037,2.6873605534467875,0.007226642734332461,5674,Complete-case analysis on a common comparison sample; family-cluster-robust standard errors
Age 15 parent-reported internalising,-0.01573182866567463,0.32071757481043073,0.15249287307237805,field,site14,0.15249287307237805,0.08582892945819015,1.7767071549769464,0.07567947870378428,5674,Complete-case analysis on a common comparison sample; family-cluster-robust standard errors
Age 15 parent-reported internalising,-0.13421163553829563,0.24492739773068012,0.055357881096192246,field,site15,0.055357881096192246,0.09671914114004483,0.572357037538584,0.5671068040157962,5674,Complete-case analysis on a common comparison sample; family-cluster-robust standard errors
Age 15 parent-reported internalising,-0.0010986943571730523,0.31888260364358556,0.15889195464320624,field,site16,0.15889195464320624,0.08162788214305067,1.9465402074839129,0.051647893960647895,5674,Complete-case analysis on a common comparison sample; family-cluster-robust standard errors
Age 15 parent-reported internalising,0.003374050403489204,0.33708687694075745,0.17023046367212333,field,site17,0.17023046367212333,0.0851308230962419,1.9996337105736048,0.045595846494235176,5674,Complete-case analysis on a common comparison sample; family-cluster-robust standard errors
Age 15 parent-reported internalising,0.07486156568823871,0.42951519034680147,0.2521883780175201,field,site18,0.2521883780175201,0.09047286343330682,2.7874477323625757,0.0053333060638151575,5674,Complete-case analysis on a common comparison sample; family-cluster-robust standard errors
Age 15 parent-reported internalising,-0.10492551659223318,0.2309051408288236,0.06298981211829521,field,site19,0.06298981211829521,0.0856710860768002,0.73525170512987,0.4622219800254952,5674,Complete-case analysis on a common comparison sample; family-cluster-robust standard errors
Age 15 parent-reported internalising,0.003784061682644002,0.3380545834964197,0.17091932258953185,field,site20,0.17091932258953185,0.08527309229943258,2.0043757999224003,0.045085648814564734,5674,Complete-case analysis on a common comparison sample; family-cluster-robust standard errors
Age 15 parent-reported internalising,-0.07187139419754482,0.2614690954320529,0.09479885061725404,field,site21,0.09479885061725404,0.08503583919122391,1.1148105495151945,0.26498718471297544,5674,Complete-case analysis on a common comparison sample; family-cluster-robust standard errors
Age 15 parent-reported internalising,-0.09251606200953427,-0.03800434883823841,-0.06526020542388634,field,field_index,-0.06526020542388634,0.013906049278391805,-4.692936442077206,2.7676943670323683e-6,5674,Complete-case analysis on a common comparison sample; family-cluster-robust standard errors
Age 15 parent-reported internalising,-0.263597377962859,0.019038067339764903,,precision,(Intercept),-0.12227965531154703,0.07210087890373057,-1.6959523541289336,0.08995946818974856,5674,Complete-case analysis on a common comparison sample; family-cluster-robust standard errors
Age 15 parent-reported internalising,0.575416661405671,0.6200782389868302,0.5977474501962506,precision,baseline_internalising_z,0.5977474501962506,0.011393259587030411,52.46500754504885,0,5674,Complete-case analysis on a common comparison sample; family-cluster-robust standard errors
Age 15 parent-reported internalising,-0.017664500484276324,0.025443136080678243,0.0038893177982009595,precision,baseline_age_z,0.0038893177982009595,0.01099684606248841,0.3536757517655812,0.7235973621751404,5674,Complete-case analysis on a common comparison sample; family-cluster-robust standard errors
Age 15 parent-reported internalising,0.12195980973722152,0.16464043293451736,0.14330012133586945,precision,sex_z,0.14330012133586945,0.010887914080942817,13.161393474502939,6.808800590861875e-39,5674,Complete-case analysis on a common comparison sample; family-cluster-robust standard errors
Age 15 parent-reported internalising,-0.045918789955546935,0.013221562564553615,-0.01634861369549666,precision,household_income_z,-0.01634861369549666,0.015086824622474631,-1.0836351654238998,0.2785807835124734,5674,Complete-case analysis on a common comparison sample; family-cluster-robust standard errors
Age 15 parent-reported internalising,-0.006531771441903145,0.04202082874505495,0.017744528651575903,precision,parent_education_z,0.017744528651575903,0.012385867394632167,1.432643196169377,0.15202466762876288,5674,Complete-case analysis on a common comparison sample; family-cluster-robust standard errors
Age 15 parent-reported internalising,-0.0544247154326985,0.01361704011842205,-0.020403837657138223,precision,neighborhood_risk_z,-0.020403837657138223,0.017357590701816465,-1.175499411620702,0.23985302112372175,5674,Complete-case analysis on a common comparison sample; family-cluster-robust standard errors
Age 15 parent-reported internalising,0.010947438195363701,0.3476959903516948,0.17932171427352925,precision,site2,0.17932171427352925,0.08590524289702324,2.0874362055932565,0.0369011035181568,5674,Complete-case analysis on a common comparison sample; family-cluster-robust standard errors
Age 15 parent-reported internalising,-0.19510058398864974,0.1669105618637586,-0.014095011062445576,precision,site3,-0.014095011062445576,0.09234978210520621,-0.15262635970692745,0.8786993235968039,5674,Complete-case analysis on a common comparison sample; family-cluster-robust standard errors
Age 15 parent-reported internalising,-0.09228521823115529,0.24051748956269622,0.07411613566577047,precision,site4,0.07411613566577047,0.0848986499474111,0.8729954564846477,0.3827090330513443,5674,Complete-case analysis on a common comparison sample; family-cluster-robust standard errors
Age 15 parent-reported internalising,-0.1319720757883816,0.2207295246461629,0.04437872442889067,precision,site5,0.04437872442889067,0.08997489807003686,0.49323450629914656,0.6218693648692011,5674,Complete-case analysis on a common comparison sample; family-cluster-robust standard errors
Age 15 parent-reported internalising,-0.03620599353215154,0.29414774031586044,0.12897087339185445,precision,site6,0.12897087339185445,0.08427391169592142,1.5303772044806627,0.12598899779095868,5674,Complete-case analysis on a common comparison sample; family-cluster-robust standard errors
Age 15 parent-reported internalising,-0.07506331869916616,0.3208917579395354,0.12291421962018462,precision,site7,0.12291421962018462,0.10100894812211775,1.2168646630354356,0.2237152789768506,5674,Complete-case analysis on a common comparison sample; family-cluster-robust standard errors
Age 15 parent-reported internalising,-0.04356109205710218,0.3511372753740467,0.15378809165847226,precision,site8,0.15378809165847226,0.1006883590385584,1.5273671467779055,0.1267353425441994,5674,Complete-case analysis on a common comparison sample; family-cluster-robust standard errors
Age 15 parent-reported internalising,-0.23547040442766298,0.18070108311967037,-0.027384660653996314,precision,site9,-0.027384660653996314,0.10616619580289116,-0.2579414327404068,0.7964631176038584,5674,Complete-case analysis on a common comparison sample; family-cluster-robust standard errors
Age 15 parent-reported internalising,-0.0309974959304605,0.28718826229297,0.12809538318125474,precision,site10,0.12809538318125474,0.08116983628148737,1.5781155790069004,0.11460466759950036,5674,Complete-case analysis on a common comparison sample; family-cluster-robust standard errors
Age 15 parent-reported internalising,-0.004430619772831629,0.4522496044097538,0.22390949231846108,precision,site11,0.22390949231846108,0.11650005718943506,1.9219689476578778,0.05466853896891947,5674,Complete-case analysis on a common comparison sample; family-cluster-robust standard errors
Age 15 parent-reported internalising,-0.03584973379803463,0.3077762897348419,0.13596327796840363,precision,site12,0.13596327796840363,0.08765969988083584,1.5510351752656173,0.12095889384765048,5674,Complete-case analysis on a common comparison sample; family-cluster-robust standard errors
Age 15 parent-reported internalising,0.061452869838454466,0.4056711885361646,0.23356202918730953,precision,site13,0.23356202918730953,0.08781079558615054,2.6598327418428127,0.007843815664755357,5674,Complete-case analysis on a common comparison sample; family-cluster-robust standard errors
Age 15 parent-reported internalising,-0.02366287268038228,0.31412278114632974,0.14522995423297372,precision,site14,0.14522995423297372,0.08616980964967143,1.6853925385632726,0.09197757879063753,5674,Complete-case analysis on a common comparison sample; family-cluster-robust standard errors
Age 15 parent-reported internalising,-0.120659945404453,0.2595602469513881,0.06945015077346754,precision,site15,0.06945015077346754,0.0969949470295513,0.7160182349737071,0.4740147686368069,5674,Complete-case analysis on a common comparison sample; family-cluster-robust standard errors
Age 15 parent-reported internalising,-0.01767016495279289,0.3035398794478828,0.14293485724754496,precision,site16,0.14293485724754496,0.08194133785731522,1.7443559134516207,0.08116077518564094,5674,Complete-case analysis on a common comparison sample; family-cluster-robust standard errors
Age 15 parent-reported internalising,0.0027580235381732265,0.33703309754458033,0.16989556054137678,precision,site17,0.16989556054137678,0.08527425357306304,1.9923429807076547,0.046389738301758306,5674,Complete-case analysis on a common comparison sample; family-cluster-robust standard errors
Age 15 parent-reported internalising,0.07095107588557184,0.4291110394824522,0.250031057684012,precision,site18,0.250031057684012,0.0913673376522654,2.7365474808470864,0.006231514579312339,5674,Complete-case analysis on a common comparison sample; family-cluster-robust standard errors
Age 15 parent-reported internalising,-0.1089135061211748,0.22897371843269182,0.0600301061557585,precision,site19,0.0600301061557585,0.08619572054945576,0.6964395189586652,0.4861871968005438,5674,Complete-case analysis on a common comparison sample; family-cluster-robust standard errors
Age 15 parent-reported internalising,-0.0033102800468398086,0.3324268809189957,0.16455830043607794,precision,site20,0.16455830043607794,0.08564723494026416,1.9213498316770108,0.05474651379207271,5674,Complete-case analysis on a common comparison sample; family-cluster-robust standard errors
Age 15 parent-reported internalising,-0.056364596520375634,0.2777535058686405,0.11069445467413243,precision,site21,0.11069445467413243,0.08523420979311636,1.298709226527871,0.19410585072451172,5674,Complete-case analysis on a common comparison sample; family-cluster-robust standard errors
Age 15 parent-reported internalising,-0.050821039481185826,-0.009347140470090314,-0.030084089975638068,precision,precision_index,-0.030084089975638068,0.010580076278340692,-2.8434662647211324,0.004481352546048834,5674,Complete-case analysis on a common comparison sample; family-cluster-robust standard errors
Age 15 parent-reported internalising,-0.25949073235125775,0.02118786639986761,,combined,(Intercept),-0.11915143297569508,0.07160168335487893,-1.664087035288621,0.09616002636310722,5674,Complete-case analysis on a common comparison sample; family-cluster-robust standard errors
Age 15 parent-reported internalising,0.568939380598497,0.6138876554811927,0.5914135180398449,combined,baseline_internalising_z,0.5914135180398449,0.011466396653748878,51.57797483366192,0,5674,Complete-case analysis on a common comparison sample; family-cluster-robust standard errors
Age 15 parent-reported internalising,-0.02495267964677784,0.01850437858182478,-0.0032241505324765297,combined,baseline_age_z,-0.0032241505324765297,0.011085984241990466,-0.29083123898592517,0.7711929025704247,5674,Complete-case analysis on a common comparison sample; family-cluster-robust standard errors
Age 15 parent-reported internalising,0.12746131778301645,0.1701832698459595,0.14882229381448797,combined,sex_z,0.14882229381448797,0.010898457158914038,13.655354298728753,1.1087587843224712e-41,5674,Complete-case analysis on a common comparison sample; family-cluster-robust standard errors
Age 15 parent-reported internalising,-0.04585550504671643,0.013265030969741597,-0.016295237038487415,combined,household_income_z,-0.016295237038487415,0.015081769391953577,-1.0804592362472567,0.27999177648740536,5674,Complete-case analysis on a common comparison sample; family-cluster-robust standard errors
Age 15 parent-reported internalising,-0.006311645770125086,0.04230312931130318,0.017995741770589047,combined,parent_education_z,0.017995741770589047,0.012401728337099047,1.4510672449384199,0.14682619884852324,5674,Complete-case analysis on a common comparison sample; family-cluster-robust standard errors
Age 15 parent-reported internalising,-0.05682435180405185,0.011108591648864422,-0.022857880077593713,combined,neighborhood_risk_z,-0.022857880077593713,0.01732983251349905,-1.3189902475854052,0.18723501852835936,5674,Complete-case analysis on a common comparison sample; family-cluster-robust standard errors
Age 15 parent-reported internalising,0.014648746834690196,0.3484496216977813,0.18154918426623576,combined,site2,0.18154918426623576,0.08515328440384978,2.1320279721122293,0.03305495551854949,5674,Complete-case analysis on a common comparison sample; family-cluster-robust standard errors
Age 15 parent-reported internalising,-0.20023061710203896,0.15915882237061732,-0.020535897365710813,combined,site3,-0.020535897365710813,0.09168097945731028,-0.22399299710004747,0.8227722437370836,5674,Complete-case analysis on a common comparison sample; family-cluster-robust standard errors
Age 15 parent-reported internalising,-0.09422116207239666,0.23683038724774624,0.0713046125876748,combined,site4,0.0713046125876748,0.08445192584697524,0.8443219248413228,0.3985314322839122,5674,Complete-case analysis on a common comparison sample; family-cluster-robust standard errors
Age 15 parent-reported internalising,-0.1314023605561228,0.22015339111312765,0.04437551527850242,combined,site5,0.04437551527850242,0.08968258971154348,0.4948063545135409,0.6207593665163931,5674,Complete-case analysis on a common comparison sample; family-cluster-robust standard errors
Age 15 parent-reported internalising,-0.041317557457388354,0.287412217190243,0.12304732986642733,combined,site6,0.12304732986642733,0.08385963638970188,1.4673010182707849,0.14235941738266605,5674,Complete-case analysis on a common comparison sample; family-cluster-robust standard errors
Age 15 parent-reported internalising,-0.08419971051297775,0.30945944300162465,0.11262986624432345,combined,site7,0.11262986624432345,0.10042325344760265,1.1215516563909151,0.2621089754748592,5674,Complete-case analysis on a common comparison sample; family-cluster-robust standard errors
Age 15 parent-reported internalising,-0.041409820488292115,0.3511705953387346,0.15488038742522126,combined,site8,0.15488038742522126,0.10014806526199661,1.546514024210451,0.12204611254149962,5674,Complete-case analysis on a common comparison sample; family-cluster-robust standard errors
Age 15 parent-reported internalising,-0.2348035940485404,0.18020757885843658,-0.0272980075950519,combined,site9,-0.0272980075950519,0.10587019717014719,-0.25784411784159095,0.7965382196557336,5674,Complete-case analysis on a common comparison sample; family-cluster-robust standard errors
Age 15 parent-reported internalising,-0.03562239656637223,0.2804772064526472,0.12242740494313747,combined,site10,0.12242740494313747,0.08063765383138251,1.518241158146038,0.12901918584405936,5674,Complete-case analysis on a common comparison sample; family-cluster-robust standard errors
Age 15 parent-reported internalising,-0.022685590711445408,0.4337741662351845,0.20554428776186953,combined,site11,0.20554428776186953,0.11644381554760967,1.7651799436083395,0.07759682713813967,5674,Complete-case analysis on a common comparison sample; family-cluster-robust standard errors
Age 15 parent-reported internalising,-0.04272563190000456,0.29945107447865954,0.1283627212893275,combined,site12,0.1283627212893275,0.08728997611700615,1.4705322076989251,0.14148292982902516,5674,Complete-case analysis on a common comparison sample; family-cluster-robust standard errors
Age 15 parent-reported internalising,0.060915216020351076,0.403295848937553,0.23210553247895202,combined,site13,0.23210553247895202,0.08734199819316375,2.657433277008756,0.007899787591399152,5674,Complete-case analysis on a common comparison sample; family-cluster-robust standard errors
Age 15 parent-reported internalising,-0.01612486949215136,0.31958859055065375,0.1517318605292512,combined,site14,0.1517318605292512,0.08564118878642987,1.7717159544297874,0.07650487588138404,5674,Complete-case analysis on a common comparison sample; family-cluster-robust standard errors
Age 15 parent-reported internalising,-0.14039443730782095,0.23868514747986716,0.049145355086023114,combined,site15,0.049145355086023114,0.09670397571114493,0.5082040808003637,0.6113334812153944,5674,Complete-case analysis on a common comparison sample; family-cluster-robust standard errors
Age 15 parent-reported internalising,-0.006712139537866896,0.31260915207327444,0.1529485062677038,combined,site16,0.1529485062677038,0.08145951316610749,1.8776015264886265,0.060496021264865606,5674,Complete-case analysis on a common comparison sample; family-cluster-robust standard errors
Age 15 parent-reported internalising,0.0032855104686381476,0.33638199008406,0.16983375027634906,combined,site17,0.16983375027634906,0.08497359173862802,1.998665077012916,0.045700657380674664,5674,Complete-case analysis on a common comparison sample; family-cluster-robust standard errors
Age 15 parent-reported internalising,0.07335573523118036,0.4282160384071625,0.2507858868191714,combined,site18,0.2507858868191714,0.0905255875448934,2.770331500967081,0.005621373953077994,5674,Complete-case analysis on a common comparison sample; family-cluster-robust standard errors
Age 15 parent-reported internalising,-0.11265534699402616,0.22255189909575615,0.054948276050865004,combined,site19,0.054948276050865004,0.08551205257392407,0.642579313639594,0.5205276661240834,5674,Complete-case analysis on a common comparison sample; family-cluster-robust standard errors
Age 15 parent-reported internalising,-0.002142880824895721,0.3319042406398151,0.1648806799074597,combined,site20,0.1648806799074597,0.08521610241446705,1.9348535691708435,0.0530666936439355,5674,Complete-case analysis on a common comparison sample; family-cluster-robust standard errors
Age 15 parent-reported internalising,-0.06827877116940391,0.26457351083030306,0.09814736983044957,combined,site21,0.09814736983044957,0.08491129642849668,1.1558811837609724,0.2477870389301397,5674,Complete-case analysis on a common comparison sample; family-cluster-robust standard errors
Age 15 parent-reported internalising,-0.09315133127189659,-0.03870362631329135,-0.06592747879259397,combined,field_index,-0.06592747879259397,0.01388972065270542,-4.746494219792154,2.1296300647363445e-6,5674,Complete-case analysis on a common comparison sample; family-cluster-robust standard errors
Age 15 parent-reported internalising,-0.051688242861180164,-0.010234665486329526,-0.030961454173754843,combined,precision_index,-0.030961454173754843,0.010574892187461897,-2.9278269342986056,0.0034293732266228645,5674,Complete-case analysis on a common comparison sample; family-cluster-robust standard errors
