outcome,nobs,missingness_handling,conf_low,conf_high,std_estimate,model,term,estimate,std_error,statistic,p_value
Age 15 parent-reported internalising,5674,Complete-case analysis; family-cluster-robust standard errors,-0.2567246944519958,0.02424131708658396,,abcd_sleep_risk,(Intercept),-0.11624168868270592,0.07167500294351524,-1.6217884047289435,0.1049140528618505
Age 15 parent-reported internalising,5674,Complete-case analysis; family-cluster-robust standard errors,0.5681323123593847,0.6130203338370921,0.5905763230982384,abcd_sleep_risk,baseline_internalising_z,0.5905763230982384,0.011451025887170238,51.57409728327676,0
Age 15 parent-reported internalising,5674,Complete-case analysis; family-cluster-robust standard errors,-0.028438000666989375,0.015549402868918902,-0.006444298899035235,abcd_sleep_risk,baseline_age_z,-0.006444298899035235,0.011221276412221499,-0.5742928578086283,0.5657964352473474
Age 15 parent-reported internalising,5674,Complete-case analysis; family-cluster-robust standard errors,0.1275427015909608,0.17033229487162718,0.14893749823129399,abcd_sleep_risk,sex_z,0.14893749823129399,0.010915712571598565,13.644322095729446,1.282736165176243e-41
Age 15 parent-reported internalising,5674,Complete-case analysis; family-cluster-robust standard errors,-0.0422008893548523,0.017283725596650396,-0.01245858187910095,abcd_sleep_risk,household_income_z,-0.01245858187910095,0.015174646671301709,-0.8210129796736961,0.4116794701441089
Age 15 parent-reported internalising,5674,Complete-case analysis; family-cluster-robust standard errors,-0.005757742171340435,0.04284022527841293,0.018541241553536248,abcd_sleep_risk,parent_education_z,0.018541241553536248,0.012397440675957492,1.4955700969389194,0.13483117481861004
Age 15 parent-reported internalising,5674,Complete-case analysis; family-cluster-robust standard errors,-0.06050529207411577,0.008017282168322228,-0.026244004952896773,abcd_sleep_risk,neighborhood_risk_z,-0.026244004952896773,0.017480248531234185,-1.5013519347853246,0.13333004811567406
Age 15 parent-reported internalising,5674,Complete-case analysis; family-cluster-robust standard errors,0.01933754699254675,0.3523784585712597,0.18585800278190323,abcd_sleep_risk,site2,0.18585800278190323,0.08495941621905943,2.1876092263003173,0.02874593870778739
Age 15 parent-reported internalising,5674,Complete-case analysis; family-cluster-robust standard errors,-0.204897543369064,0.1539288576845351,-0.02548434284226445,abcd_sleep_risk,site3,-0.02548434284226445,0.09153734720755079,-0.2784037731012843,0.7807143632202213
Age 15 parent-reported internalising,5674,Complete-case analysis; family-cluster-robust standard errors,-0.09303067556948169,0.23826844964760324,0.07261888703906078,abcd_sleep_risk,site4,0.07261888703906078,0.08451508296354207,0.8592417411503571,0.3902498798851003
Age 15 parent-reported internalising,5674,Complete-case analysis; family-cluster-robust standard errors,-0.13601757739243403,0.2159767077958354,0.039979565201700665,abcd_sleep_risk,site5,0.039979565201700665,0.08979446050721158,0.4452342046031873,0.6561705005636436
Age 15 parent-reported internalising,5674,Complete-case analysis; family-cluster-robust standard errors,-0.03580958394663128,0.29329609448589233,0.1287432552696305,abcd_sleep_risk,site6,0.1287432552696305,0.08395553021237846,1.5334696230725313,0.12522580276425915
Age 15 parent-reported internalising,5674,Complete-case analysis; family-cluster-robust standard errors,-0.08126517184629982,0.31224330436128067,0.11548906625749043,abcd_sleep_risk,site7,0.11548906625749043,0.10038481535907666,1.1504635023174157,0.25001007909043044
Age 15 parent-reported internalising,5674,Complete-case analysis; family-cluster-robust standard errors,-0.0369816728441372,0.3555319374770398,0.1592751323164513,abcd_sleep_risk,site8,0.1592751323164513,0.10013102304111658,1.5906671826477643,0.11175006254380537
Age 15 parent-reported internalising,5674,Complete-case analysis; family-cluster-robust standard errors,-0.23427975974805568,0.18000787433946494,-0.027135942704295365,abcd_sleep_risk,site9,-0.027135942704295365,0.10568562094069403,-0.2567609714809058,0.7973742569213447
Age 15 parent-reported internalising,5674,Complete-case analysis; family-cluster-robust standard errors,-0.03242974866738055,0.28357813695940304,0.12557419414601126,abcd_sleep_risk,site10,0.12557419414601126,0.0806142565374448,1.5577169540437659,0.11936599858734635
Age 15 parent-reported internalising,5674,Complete-case analysis; family-cluster-robust standard errors,-0.02234999284697406,0.43514926684101096,0.20639963699701844,abcd_sleep_risk,site11,0.20639963699701844,0.11670899481836353,1.768498112062761,0.07704089435111676
Age 15 parent-reported internalising,5674,Complete-case analysis; family-cluster-robust standard errors,-0.04079258188463372,0.30080967210956555,0.13000854511246593,abcd_sleep_risk,site12,0.13000854511246593,0.08714343214137737,1.4918914933433678,0.13579302323859085
Age 15 parent-reported internalising,5674,Complete-case analysis; family-cluster-robust standard errors,0.06065559677212276,0.4027212591177295,0.2316884279449261,abcd_sleep_risk,site13,0.2316884279449261,0.08726164855755274,2.6551002848876712,0.00795455176974724
Age 15 parent-reported internalising,5674,Complete-case analysis; family-cluster-robust standard errors,-0.010679658979105444,0.32482500903183625,0.1570726750263654,abcd_sleep_risk,site14,0.1570726750263654,0.08558792551299534,1.8352200276488313,0.06653466511340102
Age 15 parent-reported internalising,5674,Complete-case analysis; family-cluster-robust standard errors,-0.14062497679505512,0.23877692133568026,0.049075972270312566,abcd_sleep_risk,site15,0.049075972270312566,0.09678619850273862,0.5070554792884435,0.6121390832576609
Age 15 parent-reported internalising,5674,Complete-case analysis; family-cluster-robust standard errors,0.0033366714266890585,0.3227397137686866,0.16303819259768784,abcd_sleep_risk,site16,0.16303819259768784,0.08148036794438714,2.000950618055216,0.04545367571372086
Age 15 parent-reported internalising,5674,Complete-case analysis; family-cluster-robust standard errors,0.010378262631291324,0.34334230688063677,0.17686028475596405,abcd_sleep_risk,site17,0.17686028475596405,0.08493980720646567,2.08218373189928,0.03737829948272193
Age 15 parent-reported internalising,5674,Complete-case analysis; family-cluster-robust standard errors,0.07885704669075405,0.43311422057554033,0.2559856336331472,abcd_sleep_risk,site18,0.2559856336331472,0.09037172803183324,2.8325853583653595,0.004636486160074344
Age 15 parent-reported internalising,5674,Complete-case analysis; family-cluster-robust standard errors,-0.11421382468341601,0.22115055551469043,0.053468365415637216,abcd_sleep_risk,site19,0.053468365415637216,0.0855521378056394,0.6249798869679759,0.532013837410862
Age 15 parent-reported internalising,5674,Complete-case analysis; family-cluster-robust standard errors,-0.003154195849611241,0.3306451210346642,0.16374546259252648,abcd_sleep_risk,site20,0.16374546259252648,0.08515288696027434,1.9229584390828378,0.05454410944543007
Age 15 parent-reported internalising,5674,Complete-case analysis; family-cluster-robust standard errors,-0.06676576557650907,0.2663972574113015,0.09981574591739623,abcd_sleep_risk,site21,0.09981574591739623,0.0849905670887272,1.1744332263743111,0.24027955078276161
Age 15 parent-reported internalising,5674,Complete-case analysis; family-cluster-robust standard errors,-0.09148348096627845,-0.036331546619527394,-0.06390751379290292,abcd_sleep_risk,field_index,-0.06390751379290292,0.014069371006824248,-4.542314916701325,5.699767351512589e-6
Age 15 parent-reported internalising,5674,Complete-case analysis; family-cluster-robust standard errors,-7.77775057931477e-4,0.0354014974084992,0.017311861175283858,abcd_sleep_risk,sleep_risk,0.017311861175283858,0.009229406241436396,1.875728592112505,0.060752940227416986
Age 15 parent-reported internalising,5674,Complete-case analysis; family-cluster-robust standard errors,-0.05246356787267954,-0.010483805083201136,-0.03147368647794034,abcd_sleep_risk,precision_index,-0.03147368647794034,0.010709123160581228,-2.938960174983377,0.0033087790452153826
Age 15 parent-reported internalising,5674,Complete-case analysis; family-cluster-robust standard errors,-2.171725680457752e-4,0.040665317234023085,0.020224072332988657,abcd_sleep_risk,field_index:sleep_risk,0.020224072332988657,0.010429206582160424,1.9391765014591564,0.05253812367440192
Age 15 parent-reported internalising,5674,Complete-case analysis; family-cluster-robust standard errors,-0.01937200916063608,0.012997670995876249,-0.0031871690823799146,abcd_sleep_risk,sleep_risk:precision_index,-0.0031871690823799146,0.008257571468498042,-0.3859693003613354,0.6995364363480405
Age 15 parent-reported internalising,5674,Complete-case analysis; family-cluster-robust standard errors,-0.2617269596195348,0.019171697409907595,,abcd_neighborhood_risk,(Intercept),-0.1212776311048136,0.07165782067077613,-1.6924549193591885,0.09062388473565713
Age 15 parent-reported internalising,5674,Complete-case analysis; family-cluster-robust standard errors,0.568881682192058,0.6138594428076286,0.5913705624998433,abcd_neighborhood_risk,baseline_internalising_z,0.5913705624998433,0.011473918524380245,51.54041849288674,0
Age 15 parent-reported internalising,5674,Complete-case analysis; family-cluster-robust standard errors,-0.025121518273262134,0.018307872966340014,-0.00340682265346106,abcd_neighborhood_risk,baseline_age_z,-0.00340682265346106,0.011078926336633202,-0.30750476625123646,0.7584724784924612
Age 15 parent-reported internalising,5674,Complete-case analysis; family-cluster-robust standard errors,0.12690223942809992,0.16965154782626907,0.1482768936271845,abcd_neighborhood_risk,sex_z,0.1482768936271845,0.01090543581585947,13.596604127599335,2.406538405349169e-41
Age 15 parent-reported internalising,5674,Complete-case analysis; family-cluster-robust standard errors,-0.045810253388287606,0.013243988353748994,-0.016283132517269306,abcd_neighborhood_risk,household_income_z,-0.016283132517269306,0.015064857587254234,-1.0808686655654685,0.279809604104892
Age 15 parent-reported internalising,5674,Complete-case analysis; family-cluster-robust standard errors,-0.0062546374493123585,0.04234501879002439,0.018045190670356016,abcd_neighborhood_risk,parent_education_z,0.018045190670356016,0.012397871489626722,1.455507155841581,0.14559402197351945
Age 15 parent-reported internalising,5674,Complete-case analysis; family-cluster-robust standard errors,-0.05712075944719519,0.010693929631284169,-0.02321341490795551,abcd_neighborhood_risk,neighborhood_risk_z,-0.02321341490795551,0.017299665581244735,-1.3418418291924734,0.1797104810117447
Age 15 parent-reported internalising,5674,Complete-case analysis; family-cluster-robust standard errors,0.015189471232010865,0.34910470967117035,0.1821470904515906,abcd_neighborhood_risk,site2,0.1821470904515906,0.08518245878549988,2.138316891160184,0.032541157109780915
Age 15 parent-reported internalising,5674,Complete-case analysis; family-cluster-robust standard errors,-0.1980314142084721,0.16153823118299293,-0.018246591512739573,abcd_neighborhood_risk,site3,-0.018246591512739573,0.09172695035496557,-0.19892290588675182,0.8423314396322011
Age 15 parent-reported internalising,5674,Complete-case analysis; family-cluster-robust standard errors,-0.09178793816374516,0.23965927536206844,0.07393566859916163,abcd_neighborhood_risk,site4,0.07393566859916163,0.08455286059331979,0.8744313093648663,0.38192697061734315
Age 15 parent-reported internalising,5674,Complete-case analysis; family-cluster-robust standard errors,-0.12996742668355535,0.22156955356415944,0.04580106344030204,abcd_neighborhood_risk,site5,0.04580106344030204,0.08967780108360071,0.5107291089531145,0.6095641400123584
Age 15 parent-reported internalising,5674,Complete-case analysis; family-cluster-robust standard errors,-0.039264604512035256,0.2895871943359105,0.12516129491193764,abcd_neighborhood_risk,site6,0.12516129491193764,0.08389076501223107,1.4919555793023156,0.1357762213683539
Age 15 parent-reported internalising,5674,Complete-case analysis; family-cluster-robust standard errors,-0.08579178208201076,0.30716056290289845,0.11068439041044385,abcd_neighborhood_risk,site7,0.11068439041044385,0.10024294514921153,1.1041613975496254,0.2695782381076029
Age 15 parent-reported internalising,5674,Complete-case analysis; family-cluster-robust standard errors,-0.045961946594188674,0.3472031252174781,0.1506205893116447,abcd_neighborhood_risk,site8,0.1506205893116447,0.10029721219685377,1.5017425311485333,0.13322910681110628
Age 15 parent-reported internalising,5674,Complete-case analysis; family-cluster-robust standard errors,-0.23396342550580962,0.1812070029168602,-0.0263782112944747,abcd_neighborhood_risk,site9,-0.0263782112944747,0.1059108235772117,-0.2490605813790534,0.803324530011295
Age 15 parent-reported internalising,5674,Complete-case analysis; family-cluster-robust standard errors,-0.034111123572024324,0.28206884468177557,0.12397886055487563,abcd_neighborhood_risk,site10,0.12397886055487563,0.08065815516678569,1.5370902086529374,0.1243368447657207
Age 15 parent-reported internalising,5674,Complete-case analysis; family-cluster-robust standard errors,-0.025672074162780778,0.43043280898130193,0.20238036740926058,abcd_neighborhood_risk,site11,0.20238036740926058,0.11635328651634763,1.739360988147302,0.08203511036767984
Age 15 parent-reported internalising,5674,Complete-case analysis; family-cluster-robust standard errors,-0.0419456619989102,0.30046565869277087,0.12925999834693033,abcd_neighborhood_risk,site12,0.12925999834693033,0.0873498267070615,1.4797968492876328,0.13899281001053335
Age 15 parent-reported internalising,5674,Complete-case analysis; family-cluster-robust standard errors,0.06290117928789563,0.40569018991932704,0.23429568460361133,abcd_neighborhood_risk,site13,0.23429568460361133,0.0874461761814876,2.6793130910304095,0.0074023952606819795
Age 15 parent-reported internalising,5674,Complete-case analysis; family-cluster-robust standard errors,-0.01464640339719378,0.3211992787020088,0.1532764376524075,abcd_neighborhood_risk,site14,0.1532764376524075,0.0856749189028578,1.7890467783949633,0.07367004061081367
Age 15 parent-reported internalising,5674,Complete-case analysis; family-cluster-robust standard errors,-0.14478859966469765,0.23395533335012503,0.044583366842713704,abcd_neighborhood_risk,site15,0.044583366842713704,0.09661835025888334,0.4614378813471263,0.6445052968687424
Age 15 parent-reported internalising,5674,Complete-case analysis; family-cluster-robust standard errors,-0.005504980450906,0.3139503663544859,0.15422269295178997,abcd_neighborhood_risk,site16,0.15422269295178997,0.08149371091974285,1.892449014914446,0.05849103572990894
Age 15 parent-reported internalising,5674,Complete-case analysis; family-cluster-robust standard errors,0.003910627643683023,0.33715611812603163,0.17053337288485731,abcd_neighborhood_risk,site17,0.17053337288485731,0.08501160471488485,2.006001103694003,0.044911895281078765
Age 15 parent-reported internalising,5674,Complete-case analysis; family-cluster-robust standard errors,0.07446787229595472,0.42939936547746804,0.2519336188867114,abcd_neighborhood_risk,site18,0.2519336188867114,0.09054374826059014,2.7824518393211632,0.005415977564231506
Age 15 parent-reported internalising,5674,Complete-case analysis; family-cluster-robust standard errors,-0.11054454329886543,0.22482805607394113,0.05714175638753786,abcd_neighborhood_risk,site19,0.05714175638753786,0.08555423453387923,0.6679009718088225,0.5042287788040309
Age 15 parent-reported internalising,5674,Complete-case analysis; family-cluster-robust standard errors,-4.605498001132302e-4,0.33367317307153876,0.16660631163571277,abcd_neighborhood_risk,site20,0.16660631163571277,0.08523819461011531,1.9545969080853973,0.05068838586923345
Age 15 parent-reported internalising,5674,Complete-case analysis; family-cluster-robust standard errors,-0.06751370800731128,0.2652366589326919,0.098861475462690293,abcd_neighborhood_risk,site21,0.098861475462690293,0.08488529768877631,1.164647803028933,0.24421921217386328
Age 15 parent-reported internalising,5674,Complete-case analysis; family-cluster-robust standard errors,-0.09273968306357763,-0.03831335926392099,-0.06552652116374931,abcd_neighborhood_risk,field_index,-0.06552652116374931,0.013884266275422616,-4.719480299779455,2.431411926042921e-6
Age 15 parent-reported internalising,5674,Complete-case analysis; family-cluster-robust standard errors,,,,abcd_neighborhood_risk,neighborhood_risk,,,,
Age 15 parent-reported internalising,5674,Complete-case analysis; family-cluster-robust standard errors,-0.05247605697499284,-0.010869007388633549,-0.03167253218181319,abcd_neighborhood_risk,precision_index,-0.03167253218181319,0.010614043261826349,-2.984021395100601,0.0028591374675349954
Age 15 parent-reported internalising,5674,Complete-case analysis; family-cluster-robust standard errors,-0.0387658228754699,0.013641112423588862,-0.01256235522594052,abcd_neighborhood_risk,field_index:neighborhood_risk,-0.01256235522594052,0.013369116147719073,-0.9396548797344246,0.3474416921509671
Age 15 parent-reported internalising,5674,Complete-case analysis; family-cluster-robust standard errors,-0.03040775653930218,0.012131255974705456,-0.009138250282298362,abcd_neighborhood_risk,neighborhood_risk:precision_index,-0.009138250282298362,0.010851788906634602,-0.8420962074475471,0.39977587490027566
Age 15 parent-reported internalising,477,Complete-case analysis; family-cluster-robust standard errors,-0.6873758726363726,0.6823906324957749,,abcd_peer_adversity,(Intercept),-0.002492620070298841,0.349430230901058,-0.00713338414902239,0.9943114643680642
Age 15 parent-reported internalising,477,Complete-case analysis; family-cluster-robust standard errors,0.49197337558783744,0.6508758035896245,0.571424589588731,abcd_peer_adversity,baseline_internalising_z,0.571424589588731,0.04053633367392528,14.096602672192232,7.090636333532833e-38
Age 15 parent-reported internalising,477,Complete-case analysis; family-cluster-robust standard errors,-0.1499865255694888,0.017317977185899003,-0.0663342741917949,abcd_peer_adversity,baseline_age_z,-0.0663342741917949,0.04267972009066016,-1.5542340495881368,0.1208031128339251
Age 15 parent-reported internalising,477,Complete-case analysis; family-cluster-robust standard errors,0.03560084253569039,0.19006141258670423,0.11283112756119731,abcd_peer_adversity,sex_z,0.11283112756119731,0.0394032066456668,2.86350115044775,0.004377626468147157
Age 15 parent-reported internalising,477,Complete-case analysis; family-cluster-robust standard errors,-0.11714452457487774,0.06628851726009079,-0.025428003657393474,abcd_peer_adversity,household_income_z,-0.025428003657393474,0.046794143325247076,-0.5434014141610362,0.5871116328013248
Age 15 parent-reported internalising,477,Complete-case analysis; family-cluster-robust standard errors,-0.12996935799068984,0.02669090787227526,-0.051639225059207296,abcd_peer_adversity,parent_education_z,-0.051639225059207296,0.039964353536470695,-1.292132124996901,0.19694769929851663
Age 15 parent-reported internalising,477,Complete-case analysis; family-cluster-robust standard errors,-0.20244268166871093,0.046699682917599836,-0.07787149937555556,abcd_peer_adversity,neighborhood_risk_z,-0.07787149937555556,0.06355672565977316,-1.2252283069522982,0.22110416633116456
Age 15 parent-reported internalising,477,Complete-case analysis; family-cluster-robust standard errors,-0.6846975814641483,0.7638395847827444,0.03957100165929808,abcd_peer_adversity,site2,0.03957100165929808,0.3695247873078808,0.10708619020549845,0.9147663943516431
Age 15 parent-reported internalising,477,Complete-case analysis; family-cluster-robust standard errors,-0.7912755444283588,0.8182990146972031,0.013511735134422219,abcd_peer_adversity,site3,0.013511735134422219,0.4106057548789699,0.032906833316072095,0.9737628830348519
Age 15 parent-reported internalising,477,Complete-case analysis; family-cluster-robust standard errors,-0.9183393724928999,0.6386928904646278,-0.13982324101413596,abcd_peer_adversity,site4,-0.13982324101413596,0.3972021078973285,-0.3520203902097076,0.7249810858680494
Age 15 parent-reported internalising,477,Complete-case analysis; family-cluster-robust standard errors,-0.9331832829226268,0.720094771955696,-0.1065442554834654,abcd_peer_adversity,site5,-0.1065442554834654,0.42175460583630686,-0.2526214391238155,0.8006714402069106
Age 15 parent-reported internalising,477,Complete-case analysis; family-cluster-robust standard errors,-0.8634937666496907,0.5616886399511805,-0.15090256334925517,abcd_peer_adversity,site6,-0.15090256334925517,0.3635669404594059,-0.4150612901122791,0.6782868405801803
Age 15 parent-reported internalising,477,Complete-case analysis; family-cluster-robust standard errors,-0.6940205548420206,1.3122361397822322,0.3091077924701058,abcd_peer_adversity,site7,0.3091077924701058,0.5118001772000645,0.6039618707464308,0.5461610098497324
Age 15 parent-reported internalising,477,Complete-case analysis; family-cluster-robust standard errors,-0.5198957863764021,0.9151368247477981,0.19762051918569798,abcd_peer_adversity,site8,0.19762051918569798,0.36607974773576535,0.5398291503640883,0.5895710745432481
Age 15 parent-reported internalising,477,Complete-case analysis; family-cluster-robust standard errors,-0.8733686737897463,0.7289530613217196,-0.07220780623401334,abcd_peer_adversity,site9,-0.07220780623401334,0.4087555446712923,-0.1766527871617753,0.8598573846435043
Age 15 parent-reported internalising,477,Complete-case analysis; family-cluster-robust standard errors,-0.6968772658338247,0.7274991394049091,0.015310936785542194,abcd_peer_adversity,site10,0.015310936785542194,0.3633613278670239,0.042136946370763484,0.9664074597908763
Age 15 parent-reported internalising,477,Complete-case analysis; family-cluster-robust standard errors,-0.846012398887109,0.9615352633629232,0.057761432237907126,abcd_peer_adversity,site11,0.057761432237907126,0.4611090975127633,0.12526630367840078,0.900366403601792
Age 15 parent-reported internalising,477,Complete-case analysis; family-cluster-robust standard errors,-0.8323611788526573,0.86159312592145465,0.014615973534398677,abcd_peer_adversity,site12,0.014615973534398677,0.4321312001974775,0.033822999884570694,0.9730326848669191
Age 15 parent-reported internalising,477,Complete-case analysis; family-cluster-robust standard errors,-0.22839157596974802,1.272990520526006,0.5222994722781289,abcd_peer_adversity,site13,0.5222994722781289,0.3830056368611617,1.363686123678281,0.17332053455129176
Age 15 parent-reported internalising,477,Complete-case analysis; family-cluster-robust standard errors,-0.8939068473954457,0.6188280162318693,-0.13753941558178823,abcd_peer_adversity,site14,-0.13753941558178823,0.38590175092533546,-0.356410447094342,0.7216934870848317
Age 15 parent-reported internalising,477,Complete-case analysis; family-cluster-robust standard errors,-0.7741104690702488,0.8457237129928387,0.03580662196129495,abcd_peer_adversity,site15,0.03580662196129495,0.41322300562833864,0.08665205342778076,0.9309850705866488
Age 15 parent-reported internalising,477,Complete-case analysis; family-cluster-robust standard errors,-0.6908754863932108,0.787026404293104,0.04807545894994658,abcd_peer_adversity,site16,0.04807545894994658,0.37701578844038647,0.12751577102068298,0.8985868463457118
Age 15 parent-reported internalising,477,Complete-case analysis; family-cluster-robust standard errors,-0.5475165951812332,1.0198367310731875,0.2361600679459771,abcd_peer_adversity,site17,0.2361600679459771,0.39983503220776034,0.5906437628588401,0.5550436403207689
Age 15 parent-reported internalising,477,Complete-case analysis; family-cluster-robust standard errors,-0.3743346573120043,1.1538556207968251,0.3897604817424104,abcd_peer_adversity,site18,0.3897604817424104,0.389844458701232,0.999784588553339,0.31793030850517173
Age 15 parent-reported internalising,477,Complete-case analysis; family-cluster-robust standard errors,-0.9977971981325086,0.46093505252675293,-0.2684310728028778,abcd_peer_adversity,site19,-0.2684310728028778,0.3721255741477708,-0.7213454044851108,0.47105646349867203
Age 15 parent-reported internalising,477,Complete-case analysis; family-cluster-robust standard errors,-0.6342059880912851,0.9005108983249812,0.13315245511684803,abcd_peer_adversity,site20,0.13315245511684803,0.39150940980006793,0.3401002677939337,0.7339332868701909
Age 15 parent-reported internalising,477,Complete-case analysis; family-cluster-robust standard errors,-0.48786948095280525,0.9866241147273243,0.2493773168872595,abcd_peer_adversity,site21,0.2493773168872595,0.3761463254286045,0.6629795375592291,0.5076693591617555
Age 15 parent-reported internalising,477,Complete-case analysis; family-cluster-robust standard errors,-0.18717591385619325,0.01600420204810768,-0.08558585590404279,abcd_peer_adversity,field_index,-0.08558585590404279,0.051831662220484936,-1.6512273046535155,0.09936155443794066
Age 15 parent-reported internalising,477,Complete-case analysis; family-cluster-robust standard errors,-0.1167332377336947,0.03724109930908645,-0.03974606921230413,abcd_peer_adversity,peer_adversity,-0.03974606921230413,0.03927916761295438,-1.0118867488219319,0.3121139500344828
Age 15 parent-reported internalising,477,Complete-case analysis; family-cluster-robust standard errors,-0.08055247879492512,0.073244273382179,-0.003654102706373062,abcd_peer_adversity,precision_index,-0.003654102706373062,0.03923386535130207,-0.09313644408100084,0.9258349370696514
Age 15 parent-reported internalising,477,Complete-case analysis; family-cluster-robust standard errors,-0.11498693134065215,0.0807362818265611,-0.017125324757045524,abcd_peer_adversity,field_index:peer_adversity,-0.017125324757045524,0.049929391114085016,-0.34299085918983885,0.7317590176325385
Age 15 parent-reported internalising,477,Complete-case analysis; family-cluster-robust standard errors,-0.06896219267236134,0.07697851385771048,0.004008160592674574,abcd_peer_adversity,peer_adversity:precision_index,0.004008160592674574,0.03722977207399791,0.1076600894764532,0.9143113691688165
