gamma,delta_c,n_verified_agents,median,q1,q3,mean,sd,proportion_above_0_5
14.0,-0.1,60,0.17136283327640775,0.09938311855137377,0.24200283363438602,0.18060680794430947,0.09874997927759548,0.0
15.0,-0.1,60,0.1514833404516726,0.08409535156840942,0.2303744002174618,0.16510297760136497,0.09794996557223336,0.0
16.0,-0.1,60,0.13510288300019535,0.0727763948175574,0.21580783636611764,0.1487796917805784,0.0936042276124596,0.0
17.0,-0.1,60,0.12079971465327621,0.0625182949894425,0.2018585188031988,0.13661205785010727,0.09302341785743841,0.0
18.0,-0.1,60,0.09926417877192212,0.052893706711387024,0.18402507783383149,0.1240463292203842,0.09069660981716587,0.0
19.0,-0.1,60,0.09008158769941732,0.04331691795083084,0.17114960426221848,0.11255106556997888,0.08789098950601584,0.0
20.0,-0.1,60,0.07706497720325883,0.03706123055182076,0.15169441034844833,0.10108905493146648,0.08472920890595476,0.0
21.0,-0.1,60,0.06984062389370022,0.029655988666446278,0.13432294673093198,0.09226333296759845,0.0836888208987047,0.0
22.0,-0.1,60,0.05701790715750228,0.024983328772634993,0.11244901181160447,0.08311038679260999,0.08107377946023647,0.0
14.0,-0.07500000000000001,60,0.22006216577713678,0.1221572482997158,0.3003163051040288,0.22198420783711845,0.11663863465409274,0.016666666666666666
15.0,-0.07500000000000001,60,0.20141382780011668,0.10940642533661689,0.28641593012166267,0.20539788471526818,0.11650184414556176,0.0
16.0,-0.07500000000000001,60,0.17108203558683827,0.08889529273376814,0.27893399137388736,0.18988654280526168,0.11840252925050967,0.016666666666666666
17.0,-0.07500000000000001,60,0.15199037307834262,0.07881161000644041,0.2572730489272797,0.17720548019237778,0.1194774492125294,0.016666666666666666
18.0,-0.07500000000000001,60,0.14015923362246094,0.06920464580050535,0.2455061551982023,0.16539711334968998,0.11934663151994206,0.0
19.0,-0.07500000000000001,60,0.12278505441960992,0.05917583059614573,0.22946541882116542,0.15474822175177202,0.11898245620567244,0.0
20.0,-0.07500000000000001,60,0.1065437901202351,0.052302560464585,0.21251943207214097,0.1441006842780672,0.1187292791308903,0.0
21.0,-0.07500000000000001,60,0.09509440800266149,0.042654365050145,0.2018168873543466,0.13331576292865047,0.11538609860997168,0.0
22.0,-0.07500000000000001,60,0.08481676753229249,0.03688307079786898,0.1971056341233645,0.12333989093636058,0.11545355980312759,0.016666666666666666
14.0,-0.05000000000000002,60,0.2654406470378839,0.15858478645081475,0.3590694986172289,0.2664957603478027,0.13193761629307668,0.05
15.0,-0.05000000000000002,60,0.2508285274350601,0.13440094076343384,0.3351360943453369,0.2522385634510506,0.1376832074840647,0.05
16.0,-0.05000000000000002,60,0.23347382043923726,0.11497237299317146,0.33183050548004167,0.23919764414561598,0.14073984671618656,0.05
17.0,-0.05000000000000002,60,0.2167390274398943,0.10299122064558405,0.3327290923143198,0.22722192908204092,0.14572417115283454,0.05
18.0,-0.05000000000000002,60,0.19933884202033328,0.08674262878773886,0.31570812418711114,0.21495843918679472,0.14978233845743605,0.05
19.0,-0.05000000000000002,60,0.1672317174219069,0.0774878652911826,0.31636304112903546,0.20260272506243907,0.15097658779460257,0.05
20.0,-0.05000000000000002,60,0.15036171741173238,0.06871314819158901,0.29470150247297217,0.19209654529269704,0.15194848969950356,0.05
21.0,-0.05000000000000002,60,0.13948410091681054,0.06051532829299805,0.2774774915503104,0.18336062654141833,0.15233107639721,0.05
22.0,-0.05000000000000002,60,0.12478860987583505,0.053694049078174697,0.2681189431688108,0.17579932498671624,0.15652211952343476,0.05
14.0,-0.025000000000000022,60,0.31509037399503415,0.1908754352297998,0.4144024257619233,0.3162624162487631,0.1517039290153338,0.15
15.0,-0.025000000000000022,60,0.3010593132244321,0.17427975272269966,0.4064869807626588,0.3052113709695693,0.15893699961400246,0.15
16.0,-0.025000000000000022,60,0.27622329986791117,0.15828597315725434,0.4057462328705975,0.294881071709123,0.1665956249324398,0.15
17.0,-0.025000000000000022,60,0.26761097706776926,0.1373520853781443,0.40410649513783925,0.28491840374111693,0.17158786096980544,0.15
18.0,-0.025000000000000022,60,0.2639748976819689,0.11693162991249581,0.38812758530508396,0.2768411269311391,0.1775395967997226,0.15
19.0,-0.025000000000000022,60,0.24500988190493717,0.10166107184904842,0.37974057200624434,0.2657612856186457,0.1826039416365991,0.13333333333333333
20.0,-0.025000000000000022,60,0.23322266222239196,0.09531883749671355,0.3746655761422987,0.2565078769217658,0.18786913965200705,0.11666666666666667
21.0,-0.025000000000000022,60,0.22010439411255248,0.08894020534673591,0.3719292553025432,0.24984731468375349,0.19334179090599002,0.11666666666666667
22.0,-0.025000000000000022,60,0.2063737633202774,0.07267348221912755,0.3708582752925817,0.2398508279366163,0.19765322976742575,0.11666666666666667
14.0,-2.7755575615628914e-17,60,0.3670056637253961,0.23273437355166787,0.5243241788830861,0.379445263792911,0.1674356300759948,0.2833333333333333
15.0,-2.7755575615628914e-17,60,0.34648571598165173,0.20936316183164605,0.5232855533986757,0.36835792612477397,0.1790050341536041,0.2833333333333333
16.0,-2.7755575615628914e-17,60,0.3325356166775894,0.2002370581244883,0.5267394088021168,0.3611848122378924,0.1906646230831405,0.3
17.0,-2.7755575615628914e-17,60,0.3262211006848226,0.1765376578644109,0.516824194339085,0.3524035722800237,0.20022310627379272,0.3
18.0,-2.7755575615628914e-17,60,0.3092838478111206,0.16662506354291798,0.5321136392341217,0.3446522010374979,0.21150077207373186,0.3
19.0,-2.7755575615628914e-17,60,0.30513350417319435,0.15268046984386605,0.5211432847718284,0.33947664705029423,0.22034003824390436,0.2833333333333333
20.0,-2.7755575615628914e-17,60,0.2864109005405573,0.1374356294489799,0.5323051616857567,0.3337874560486686,0.22915938886736298,0.2833333333333333
21.0,-2.7755575615628914e-17,60,0.26807672566488816,0.11168240060800308,0.5317490451640706,0.32816201803621514,0.23906285138624012,0.2833333333333333
22.0,-2.7755575615628914e-17,60,0.25440256786759996,0.09969011696567834,0.5334183812787328,0.325204584908586,0.24794316911466482,0.2833333333333333
14.0,0.024999999999999967,60,0.4466792191347002,0.28642436257895454,0.5835394155404541,0.448431985187125,0.17707464929554467,0.45
15.0,0.024999999999999967,60,0.43490328444549947,0.2698291350318205,0.5911673175658907,0.44233273525174827,0.19134383889053908,0.45
16.0,0.024999999999999967,60,0.4273715094497508,0.2561027216371324,0.6110473563331332,0.44057785167693153,0.20391164119671007,0.45
17.0,0.024999999999999967,60,0.4098548545167461,0.23002587139541864,0.6409103548993569,0.4349658505786688,0.21770834607648182,0.45
18.0,0.024999999999999967,60,0.3941354356218748,0.20873411531507666,0.6464649268243269,0.43203094587042107,0.2328078456785112,0.4666666666666667
19.0,0.024999999999999967,60,0.3884857869040923,0.19904788170425797,0.6542755684566206,0.4279941948120351,0.24288588346166262,0.45
20.0,0.024999999999999967,60,0.3794325922706008,0.1979619479502581,0.6675953977885607,0.42919516850324235,0.2561899834810172,0.45
21.0,0.024999999999999967,60,0.3777292075469825,0.17832974663399395,0.6648268930191313,0.4281304063922258,0.2675917220698241,0.45
22.0,0.024999999999999967,60,0.37721791810865846,0.17184385650962503,0.6749762334914781,0.42658891692884876,0.27861110305733067,0.45
14.0,0.04999999999999996,60,0.5297516921955063,0.35809373270442435,0.6494973952938712,0.5107822977403139,0.1782826488315263,0.5666666666666667
15.0,0.04999999999999996,60,0.5318585293597691,0.32698300613551484,0.6704757221436763,0.5119331748850224,0.19686590986746244,0.55
16.0,0.04999999999999996,60,0.5300327379399572,0.31607002015019675,0.6836206322560905,0.5153442937313477,0.21273404872455737,0.55
17.0,0.04999999999999996,60,0.5394156685766811,0.3030784419985586,0.7072735226597744,0.5176483715911498,0.22750306768986572,0.55
18.0,0.04999999999999996,60,0.5420274386498696,0.28851405176442235,0.727298682971301,0.5189731897933683,0.2392135200429732,0.55
19.0,0.04999999999999996,60,0.5551057169117941,0.28231961297973324,0.7250122892073505,0.5190837581956315,0.25153278308841953,0.5833333333333334
20.0,0.04999999999999996,60,0.5428082248704881,0.2651077230321188,0.7352331818367368,0.515683868420059,0.2629011911006757,0.5666666666666667
21.0,0.04999999999999996,60,0.5505340835856287,0.24991576067053595,0.7491336526405158,0.5140793962803607,0.2761420733048646,0.5833333333333334
22.0,0.04999999999999996,60,0.5528730147436313,0.21513401849390773,0.7667285945562291,0.5183129267357522,0.2884114362202269,0.5833333333333334
14.0,0.07499999999999996,60,0.6322155703597467,0.4516297811435835,0.7143020478666918,0.5813200550903833,0.17656317228581694,0.7
15.0,0.07499999999999996,60,0.6393631313772823,0.4262301985000423,0.7242993956890966,0.5851954063536111,0.19137120782648268,0.7
16.0,0.07499999999999996,60,0.6501603296157026,0.42710342646124894,0.7489092879958872,0.5889450644687524,0.20611783089933836,0.7
17.0,0.07499999999999996,60,0.6485181203864601,0.42439262497556524,0.7710057093158816,0.5938847473887151,0.21855760622246462,0.6833333333333333
18.0,0.07499999999999996,60,0.6764789444198156,0.39658736089287777,0.7865531294527226,0.5963156594749556,0.23205148702322684,0.7
19.0,0.07499999999999996,60,0.6860372900239673,0.3864999764706364,0.7975013093811423,0.6010820965274265,0.24591550039630447,0.7
20.0,0.07499999999999996,60,0.7044997183636004,0.3846048719206449,0.808522112120831,0.6048952499635321,0.2602529885311551,0.7
21.0,0.07499999999999996,60,0.7104338229280611,0.3854380740356187,0.8226362510426812,0.6073467923450705,0.27147155022136826,0.7
22.0,0.07499999999999996,60,0.7202183569647755,0.37477141860824015,0.8309643837779059,0.6137460430038065,0.27913170277855104,0.6833333333333333
14.0,0.09999999999999995,60,0.6836130476976581,0.5628464090675089,0.7691896875031776,0.6423597550348727,0.16800603340337325,0.7666666666666667
15.0,0.09999999999999995,60,0.7037496155892102,0.565939477069101,0.7841057545960356,0.6532047920376964,0.17976716568914472,0.7833333333333333
16.0,0.09999999999999995,60,0.7106095602585534,0.5641783062790768,0.800353364506946,0.6591535463753596,0.19541882746569555,0.7833333333333333
17.0,0.09999999999999995,60,0.7295390662210754,0.5679742827317367,0.81835762044449,0.6694607418613405,0.2038536014528369,0.7833333333333333
18.0,0.09999999999999995,60,0.7523341121265381,0.5458114742703676,0.8361523661714575,0.6743217259325845,0.21705754509622102,0.8
19.0,0.09999999999999995,60,0.7753616221171673,0.5482308762466122,0.8506935010296933,0.6830569183716253,0.22545276600702413,0.8
20.0,0.09999999999999995,60,0.7911862854754468,0.5590466095464981,0.8631304464308589,0.6904912109889924,0.23445917812318345,0.7833333333333333
21.0,0.09999999999999995,60,0.8114499452237913,0.5625836927743453,0.883842783366627,0.6937641090062365,0.25204994076172066,0.7833333333333333
22.0,0.09999999999999995,60,0.8201148642777476,0.5399521297414396,0.8963671601499934,0.6917251545026658,0.2664116394777337,0.7666666666666667
14.0,0.12499999999999994,60,0.7429536249600615,0.6342176209820276,0.8076797062599836,0.7036015220399976,0.14995355580741965,0.8833333333333333
15.0,0.12499999999999994,60,0.7694623659032785,0.6498856209075431,0.8262398075136678,0.7123013691490151,0.1623292243517055,0.8666666666666667
16.0,0.12499999999999994,60,0.7848027013550736,0.6636642271703163,0.8429497437379376,0.7225079832065968,0.17176248432504976,0.8666666666666667
17.0,0.12499999999999994,60,0.8012044962945793,0.6747668741037611,0.8670021078583913,0.7290157914889016,0.18500473170709975,0.85
18.0,0.12499999999999994,60,0.8173668383671135,0.6784048524441899,0.8814537591817528,0.7369364577500264,0.1951710382947705,0.85
19.0,0.12499999999999994,60,0.8301464722704637,0.6851706262448616,0.8939252403555595,0.7477262107898771,0.20284441256152566,0.85
20.0,0.12499999999999994,60,0.8530384407006087,0.6755019867835222,0.9062631105514045,0.7539272347167505,0.21152987645462062,0.85
21.0,0.12499999999999994,60,0.867767523889337,0.6931246514181654,0.9198079081369887,0.7609225369981136,0.22068687445327606,0.85
22.0,0.12499999999999994,60,0.8841998292626871,0.7165116147432755,0.93547578509021,0.7687967473039606,0.22972649592392919,0.85
14.0,0.14999999999999994,60,0.7865096783056057,0.6799664164803738,0.8469775437571482,0.7481092939737587,0.1377353429494298,0.9166666666666666
15.0,0.14999999999999994,60,0.8124728971275814,0.6980545008253007,0.8663293960250912,0.7630209872266158,0.14293969635222778,0.9166666666666666
16.0,0.14999999999999994,60,0.8352710388159168,0.7158079363802827,0.8836876405420765,0.7760722795404484,0.15049168447747316,0.9
17.0,0.14999999999999994,60,0.8533408377684205,0.7268380038026343,0.9028440292391583,0.7887333591158793,0.1584513214885861,0.9
18.0,0.14999999999999994,60,0.8703031329509948,0.7596570555868698,0.9137123394987539,0.7988143935136163,0.16850574747030136,0.9166666666666666
19.0,0.14999999999999994,60,0.8881827081955722,0.7659903397279739,0.9245336198102925,0.8074475890589844,0.17614483486142418,0.9166666666666666
20.0,0.14999999999999994,60,0.8971116631014402,0.7805756483601574,0.9359717187192915,0.8166059452031527,0.18372555401214297,0.9166666666666666
21.0,0.14999999999999994,60,0.9057070703818246,0.7871197889207526,0.9469458823660911,0.824067207774604,0.18740018622535298,0.9166666666666666
22.0,0.14999999999999994,60,0.9128905462427402,0.806255108068082,0.9537094918603154,0.8316985077853472,0.19057270753048194,0.9166666666666666
14.0,0.17499999999999993,60,0.8404307047317181,0.7428447911446815,0.8801021123814535,0.7948719820822556,0.12106100050344638,0.9333333333333333
15.0,0.17499999999999993,60,0.858733514867583,0.7602899002301764,0.9001780639992493,0.8095913619295211,0.12536324653301176,0.9333333333333333
16.0,0.17499999999999993,60,0.8774368795742724,0.7810544925175975,0.9104218985208224,0.8232701611403913,0.1288429251402739,0.9333333333333333
17.0,0.17499999999999993,60,0.8897626986130125,0.7979749527967737,0.9238434128061224,0.8348687950775993,0.13312852206558817,0.9333333333333333
18.0,0.17499999999999993,60,0.9013412572145207,0.8029543530996894,0.9404717735841185,0.8445504829890266,0.13800235204822064,0.9333333333333333
19.0,0.17499999999999993,60,0.912544558603766,0.8292450963181766,0.9458026604988073,0.854760675595963,0.14110178029080755,0.9333333333333333
20.0,0.17499999999999993,60,0.9219955818256397,0.8458288186509717,0.954038585846081,0.8629976010694915,0.14330815064931665,0.9333333333333333
21.0,0.17499999999999993,60,0.9335238973472162,0.8519660990011064,0.9606837080578261,0.8688632960939242,0.15383985552368912,0.9166666666666666
22.0,0.17499999999999993,60,0.9417761590066849,0.868371393177469,0.9656651933080277,0.8750748187567492,0.1600646185550875,0.9166666666666666
14.0,0.19999999999999993,60,0.8735036977870956,0.7905513144013878,0.900103561272886,0.8324948947949659,0.1042136758092777,1.0
15.0,0.19999999999999993,60,0.887767963803144,0.8096641606609007,0.9186280519529957,0.8466230395474112,0.10563077647444534,1.0
16.0,0.19999999999999993,60,0.9010168606298619,0.831801052288021,0.9341776746741499,0.8610630375155007,0.1048577816700494,1.0
17.0,0.19999999999999993,60,0.9177889610890858,0.8420383743510554,0.9426950705920167,0.873763766773778,0.10491487420830863,1.0
18.0,0.19999999999999993,60,0.9280843677572519,0.8593487475044489,0.9526699431236101,0.8839450365713862,0.10550049837027352,1.0
19.0,0.19999999999999993,60,0.9390705578440698,0.8693947103003703,0.958460155549161,0.8932320091704113,0.10465127711646148,1.0
20.0,0.19999999999999993,60,0.9492741057331731,0.8862452901586853,0.9661223777567703,0.9016242494300053,0.10218454463908709,1.0
21.0,0.19999999999999993,60,0.9568251834761294,0.8931851352666229,0.9715630107811681,0.9100099801148246,0.1019122390402481,1.0
22.0,0.19999999999999993,60,0.9629392178208072,0.9054275843381981,0.9750215768995772,0.9165549413459678,0.10013540348268365,1.0
