accumulated_actions,tau,gamma,delta_c,gamma_times_coupling,fixed_point_count,stable_fixed_point_count
1,0.0125,20.0,0.15,0.001475271042739682,1,1
2,0.025,20.0,0.15,0.005688224127658044,1,1
3,0.0375,20.0,0.15,0.012342893793729484,1,1
4,0.05,20.0,0.15,0.02117186492021334,1,1
5,0.0625,20.0,0.15,0.03193338255332699,1,1
6,0.075,20.0,0.15,0.04440877993850522,1,1
7,0.0875,20.0,0.15,0.05840018636289801,1,1
8,0.1,20.0,0.15,0.07372848148568953,1,1
9,0.1125,20.0,0.15,0.09023146717558059,1,1
10,0.125,20.0,0.15,0.10776223159975244,1,1
11,0.1375,20.0,0.15,0.12618768351195447,1,1
12,0.15,20.0,0.15,0.14538723744825813,1,1
13,0.1625,20.0,0.15,0.16525163292374895,1,1
14,0.175,20.0,0.15,0.1856818727875391,1,1
15,0.1875,20.0,0.15,0.20658826768367194,1,1
16,0.2,20.0,0.15,0.22788957512109856,1,1
17,0.2125,20.0,0.15,0.2495122230102309,1,1
18,0.225,20.0,0.15,0.2713896087047687,1,1
19,0.2375,20.0,0.15,0.2934614656194939,1,1
20,0.25,20.0,0.15,0.315673290397906,1,1
21,0.2625,20.0,0.15,0.3379758243953066,1,1
22,0.275,20.0,0.15,0.3603245839380499,1,1
23,0.2875,20.0,0.15,0.3826794344309562,1,1
24,0.3,20.0,0.15,0.4050042039231589,1,1
25,0.3125,20.0,0.15,0.4272663322174134,1,1
26,0.325,20.0,0.15,0.44943655202714106,1,1
27,0.3375,20.0,0.15,0.47148859905629303,1,1
28,0.35,20.0,0.15,0.49339894820541774,1,1
29,0.3625,20.0,0.15,0.5151465733984841,1,1
30,0.375,20.0,0.15,0.536712728783421,1,1
31,0.3875,20.0,0.15,0.5580807492891079,1,1
32,0.4,20.0,0.15,0.5792358687259489,1,1
33,0.4125,20.0,0.15,0.6001650537993221,1,1
34,0.425,20.0,0.15,0.620856852567641,1,1
35,0.4375,20.0,0.15,0.6413012560218206,1,1
36,0.45,20.0,0.15,0.6614895715926119,1,1
37,0.4625,20.0,0.15,0.6814143075082564,1,1
38,0.475,20.0,0.15,0.7010690670288587,1,1
39,0.4875,20.0,0.15,0.7204484516770231,1,1
40,0.5,20.0,0.15,0.7395479726678944,1,1
41,0.5125,20.0,0.15,0.7583639698168965,1,1
42,0.525,20.0,0.15,0.7768935372709338,1,1
43,0.5375,20.0,0.15,0.7951344554696139,1,1
44,0.55,20.0,0.15,0.8130851287977989,1,1
45,0.5625,20.0,0.15,0.8307445284400818,1,1
46,0.575,20.0,0.15,0.8481121399923536,1,1
47,0.5875,20.0,0.15,0.8651879154257851,1,1
48,0.6,20.0,0.15,0.8819722290348699,1,1
49,0.6125,20.0,0.15,0.898465837034047,1,1
50,0.625,20.0,0.15,0.9146698404971074,1,1
51,0.6375,20.0,0.15,0.9305856513605653,1,1
52,0.65,20.0,0.15,0.9462149612365336,1,1
53,0.6625,20.0,0.15,0.9615597128028,1,1
54,0.675,20.0,0.15,0.9766220735579,1,1
55,0.6875,20.0,0.15,0.9914044117472037,1,1
56,0.7,20.0,0.15,1.0059092742826372,1,1
57,0.7125,20.0,0.15,1.0201393664937533,1,1
58,0.725,20.0,0.15,1.03409753356155,1,1
59,0.7375,20.0,0.15,1.0477867434989938,1,1
60,0.75,20.0,0.15,1.061210071553525,1,1
61,0.7625,20.0,0.15,1.0743706859172817,1,1
62,0.775,20.0,0.15,1.0872718346401653,1,1
63,0.7875,20.0,0.15,1.099916833649596,1,1
64,0.8,20.0,0.15,1.1123090557886446,1,1
65,0.8125,20.0,0.15,1.1244519207914567,1,1
66,0.825,20.0,0.15,1.1363488861214992,1,1
67,0.8375,20.0,0.15,1.1480034386041567,1,1
68,0.85,20.0,0.15,1.1594190867907592,1,1
69,0.8625,20.0,0.15,1.1705993539961541,1,1
70,0.875,20.0,0.15,1.1815477719565657,1,1
71,0.8875,20.0,0.15,1.1922678750587588,1,1
72,0.9,20.0,0.15,1.2027631950953606,1,1
73,0.9125,20.0,0.15,1.213037256504825,1,1
74,0.925,20.0,0.15,1.223093572057746,1,1
75,0.9375,20.0,0.15,1.2329356389542636,1,1
76,0.95,20.0,0.15,1.242566935300072,1,1
77,0.9625,20.0,0.15,1.25199091693105,1,1
78,0.975,20.0,0.15,1.2612110145588893,1,1
79,0.9875,20.0,0.15,1.2702306312122447,1,1
80,1.0,20.0,0.15,1.2790531399498866,1,1
81,1.0125,20.0,0.15,1.2876818818241589,1,1
82,1.025,20.0,0.15,1.2961201640747335,1,1
83,1.0375,20.0,0.15,1.304371258534164,1,1
84,1.05,20.0,0.15,1.3124384002281904,1,1
85,1.0625,20.0,0.15,1.320324786155024,1,1
86,1.075,20.0,0.15,1.3280335742290843,1,1
87,1.0875,20.0,0.15,1.3355678823757207,1,1
88,1.1,20.0,0.15,1.3429307877645305,1,1
89,1.1125,20.0,0.15,1.3501253261697959,1,1
90,1.125,20.0,0.15,1.3571544914474476,1,1
91,1.1375,20.0,0.15,1.364021235118763,1,1
92,1.15,20.0,0.15,1.3707284660517653,1,1
93,1.1625,20.0,0.15,1.3772790502319538,1,1
94,1.175,20.0,0.15,1.3836758106146645,1,1
95,1.1875,20.0,0.15,1.3899215270518988,1,1
96,1.2,20.0,0.15,1.3960189362870712,1,1
97,1.2125,20.0,0.15,1.4019707320115338,1,1
98,1.225,20.0,0.15,1.407779564977304,1,1
99,1.2375,20.0,0.15,1.413448043160763,1,1
100,1.25,20.0,0.15,1.4189787319725458,1,1
101,1.2625,20.0,0.15,1.4243741545091828,1,1
102,1.275,19.98,0.148,1.4282071550505586,1,1
103,1.2875,19.96,0.146,1.4318995451756222,1,1
104,1.3,19.94,0.144,1.4354541067498803,1,1
105,1.3125,19.92,0.142,1.4388735712433507,1,1
106,1.325,19.9,0.13999999999999999,1.4421606203383495,1,1
107,1.3375,19.88,0.13799999999999998,1.4453178865561995,1,1
108,1.35,19.86,0.13599999999999998,1.4483479539002047,1,1
109,1.3625,19.84,0.134,1.4512533585124452,1,1
110,1.375,19.82,0.132,1.4540365893421663,1,1
111,1.3875,19.8,0.13,1.456700088823707,1,1
112,1.4,19.78,0.128,1.4592462535620783,1,1
113,1.4125,19.76,0.126,1.4616774350244826,1,1
114,1.425,19.74,0.124,1.4639959402361886,1,1
115,1.4375,19.72,0.122,1.4662040324793393,1,1
116,1.45,19.7,0.12,1.468303931993352,1,1
117,1.4625,19.68,0.118,1.4702978166757454,1,1
118,1.475,19.66,0.11599999999999999,1.4721878227822676,1,1
119,1.4875,19.64,0.11399999999999999,1.47397604562538,1,1
120,1.5,19.62,0.11199999999999999,1.4756645402701425,1,1
121,1.5125,19.6,0.10999999999999999,1.477255322226742,1,1
122,1.525,19.58,0.10799999999999998,1.4787503681388787,1,1
123,1.5375,19.56,0.10599999999999998,1.48015161646738,1,1
124,1.55,19.54,0.10399999999999998,1.4814609681684312,1,1
125,1.5625,19.52,0.102,1.4826802873658889,1,1
126,1.575,19.5,0.09999999999999999,1.4838114020171997,1,1
127,1.5875,19.48,0.09799999999999999,1.4848561045725006,1,1
128,1.6,19.46,0.09599999999999999,1.485816152626512,1,1
129,1.6125,19.44,0.09399999999999999,1.4866932695629136,1,1
130,1.625,19.42,0.092,1.4874891451908858,1,1
131,1.6375,19.4,0.09,1.4882054363735824,1,1
132,1.65,19.38,0.088,1.488843767648302,1,1
133,1.6625,19.36,0.086,1.4894057318381821,1,1
134,1.675,19.34,0.08399999999999999,1.4898928906552504,1,1
135,1.6875,19.32,0.08199999999999999,1.4903067752947072,1,1
136,1.7,19.3,0.08,1.490648887020335,1,1
137,1.7125,19.28,0.078,1.4909206977409497,1,1
138,1.725,19.26,0.076,1.4911236505778311,1,1
139,1.7375,19.24,0.07399999999999998,1.491259160423094,1,1
140,1.75,19.22,0.07199999999999998,1.4913286144889721,1,1
141,1.7625,19.2,0.06999999999999998,1.4913333728480107,1,1
142,1.775,19.18,0.06799999999999999,1.4912747689641608,1,1
143,1.7875,19.16,0.06599999999999999,1.4911541102148096,1,1
144,1.8,19.14,0.06399999999999999,1.490972678403774,3,2
145,1.8125,19.12,0.061999999999999986,1.4907317302652847,3,2
146,1.825,19.1,0.059999999999999984,1.4904324979590358,3,2
147,1.8375,19.08,0.05799999999999998,1.490076189556344,3,2
148,1.85,19.06,0.055999999999999994,1.4896639895174852,3,2
149,1.8625,19.04,0.05399999999999999,1.4891970591603076,3,2
150,1.875,19.02,0.05199999999999999,1.4886765371201622,3,2
151,1.8875,19.0,0.04999999999999999,1.4881035398012867,3,2
152,1.9,18.98,0.04799999999999999,1.487479161819698,3,2
153,1.9125,18.96,0.045999999999999985,1.486804476437713,3,2
154,1.925,18.94,0.043999999999999984,1.4860805359901856,3,2
155,1.9375,18.92,0.04199999999999998,1.4853083723025844,3,2
156,1.95,18.9,0.03999999999999998,1.4844889971009934,3,2
157,1.9625,18.88,0.03799999999999998,1.4836234024141746,3,2
158,1.975,18.86,0.036000000000000004,1.4827125609677816,3,2
159,1.9875,18.84,0.034,1.4817574265708522,3,2
160,2.0,18.82,0.032,1.480758934494699,3,2
161,2.0125,18.8,0.03,1.4797180018443057,3,2
162,2.025,18.78,0.027999999999999997,1.4786355279223518,3,2
163,2.0375,18.76,0.025999999999999995,1.4775123945859878,3,2
164,2.05,18.74,0.023999999999999994,1.4763494665964834,3,2
165,2.0625,18.72,0.021999999999999992,1.4751475919618506,3,2
166,2.075,18.7,0.01999999999999999,1.4739076022725883,3,2
167,2.0875,18.68,0.017999999999999988,1.4726303130306433,3,2
168,2.1,18.66,0.015999999999999986,1.471316523971725,3,2
169,2.1125,18.64,0.013999999999999985,1.469967019381083,3,2
170,2.125,18.62,0.01200000000000001,1.4685825684028617,3,2
171,2.1375,18.6,0.010000000000000009,1.4671639253431668,3,2
172,2.15,18.58,0.008000000000000007,1.4657118299669378,3,2
173,2.1625,18.56,0.006000000000000005,1.464227007788756,3,2
174,2.175,18.54,0.0040000000000000036,1.4627101703577041,3,2
175,2.1875,18.52,0.0020000000000000018,1.4611620155363754,3,2
176,2.2,18.5,-2.7755575615628914e-17,1.4595832277741603,3,2
177,2.2125,18.48,-0.0020000000000000295,1.4579744783749193,3,2
178,2.225,18.46,-0.004000000000000031,1.4563364257591347,3,2
179,2.2375,18.44,-0.006000000000000033,1.4546697157206734,3,2
180,2.25,18.42,-0.008000000000000035,1.4529749816782525,3,2
181,2.2625,18.4,-0.010000000000000037,1.4512528449217066,3,2
182,2.275,18.38,-0.012000000000000038,1.4495039148531879,3,2
183,2.2875,18.36,-0.014000000000000012,1.4477287892233632,3,2
184,2.3,18.34,-0.016000000000000014,1.4459280543627349,3,2
185,2.3125,18.32,-0.018000000000000016,1.444102285408187,3,2
186,2.325,18.3,-0.020000000000000018,1.4422520465248265,3,2
187,2.3375,18.28,-0.02200000000000002,1.4403778911232477,3,2
188,2.35,18.26,-0.02400000000000002,1.4384803620722908,3,2
189,2.3625,18.24,-0.026000000000000023,1.4365599919073964,3,2
190,2.375,18.22,-0.028000000000000025,1.4346173030346536,3,2
191,2.3875,18.2,-0.030000000000000027,1.4326528079306133,3,2
192,2.4,18.18,-0.03200000000000003,1.430667009337968,3,2
193,2.4125,18.16,-0.03400000000000003,1.428660400457185,3,2
194,2.425,18.14,-0.03600000000000003,1.4266334651341686,3,2
195,2.4375,18.12,-0.038000000000000006,1.424586678044039,3,2
196,2.45,18.1,-0.04000000000000001,1.4225205048711123,3,2
197,2.4625,18.08,-0.04200000000000001,1.4204354024851549,3,2
198,2.475,18.06,-0.04400000000000001,1.4183318191140002,3,2
199,2.4875,18.04,-0.04600000000000001,1.4162101945125873,3,2
200,2.5,18.02,-0.048000000000000015,1.414070960128524,3,2
201,2.5125,18.0,-0.05000000000000002,1.4119145392642158,3,2
202,2.525,18.0,-0.05000000000000002,1.41130946886774,3,2
203,2.5375,18.0,-0.05000000000000002,1.4106866507518736,3,2
204,2.55,18.0,-0.05000000000000002,1.4100464267033728,3,2
205,2.5625,18.0,-0.05000000000000002,1.4093891324718162,3,2
206,2.575,18.0,-0.05000000000000002,1.408715097882796,3,2
207,2.5875,18.0,-0.05000000000000002,1.4080246469488487,3,2
208,2.6,18.0,-0.05000000000000002,1.4073180979781674,3,2
209,2.6125,18.0,-0.05000000000000002,1.4065957636811426,3,2
210,2.625,18.0,-0.05000000000000002,1.405857951274776,3,2
211,2.6375,18.0,-0.05000000000000002,1.405104962585004,3,2
212,2.65,18.0,-0.05000000000000002,1.4043370941469935,3,2
213,2.6625,18.0,-0.05000000000000002,1.40355463730343,3,2
214,2.675,18.0,-0.05000000000000002,1.402757878300851,3,2
215,2.6875,18.0,-0.05000000000000002,1.4019470983840707,3,2
216,2.7,18.0,-0.05000000000000002,1.4011225738887167,3,2
217,2.7125,18.0,-0.05000000000000002,1.400284576331944,3,2
218,2.725,18.0,-0.05000000000000002,1.3994333725013368,3,2
219,2.7375,18.0,-0.05000000000000002,1.3985692245420576,3,2
220,2.75,18.0,-0.05000000000000002,1.3976923900422695,3,2
221,2.7625,18.0,-0.05000000000000002,1.396803122116872,3,2
222,2.775,18.0,-0.05000000000000002,1.3959016694895763,3,2
223,2.7875,18.0,-0.05000000000000002,1.3949882765733657,3,2
224,2.8,18.0,-0.05000000000000002,1.3940631835493769,3,2
225,2.8125,18.0,-0.05000000000000002,1.3931266264442177,3,2
226,2.825,18.0,-0.05000000000000002,1.39217883720577,3,2
227,2.8375,18.0,-0.05000000000000002,1.3912200437775015,3,2
228,2.85,18.0,-0.05000000000000002,1.3902504701713259,3,2
229,2.8625,18.0,-0.05000000000000002,1.3892703365390318,3,2
230,2.875,18.0,-0.05000000000000002,1.388279859242305,3,2
231,2.8875,18.0,-0.05000000000000002,1.3872792509214031,3,2
232,2.9,18.0,-0.05000000000000002,1.3862687205624684,3,2
233,2.9125,18.0,-0.05000000000000002,1.3852484735635404,3,2
234,2.925,18.0,-0.05000000000000002,1.3842187117992788,3,2
235,2.9375,18.0,-0.05000000000000002,1.38317963368443,3,2
236,2.95,18.0,-0.05000000000000002,1.3821314342360602,3,2
237,2.9625,18.0,-0.05000000000000002,1.3810743051345782,3,2
238,2.975,18.0,-0.05000000000000002,1.3800084347835828,3,2
239,2.9875,18.0,-0.05000000000000002,1.3789340083685457,3,2
240,3.0,18.0,-0.05000000000000002,1.3778512079143659,3,2
241,3.0125,18.0,-0.05000000000000002,1.37676021234181,3,2
242,3.025,18.0,-0.05000000000000002,1.3756611975228623,3,2
243,3.0375,18.0,-0.05000000000000002,1.3745543363350272,3,2
244,3.05,18.0,-0.05000000000000002,1.373439798714558,3,2
245,3.0625,18.0,-0.05000000000000002,1.372317751708694,3,2
246,3.075,18.0,-0.05000000000000002,1.3711883595268768,3,2
247,3.0875,18.0,-0.05000000000000002,1.370051783590999,3,2
248,3.1,18.0,-0.05000000000000002,1.3689081825846834,3,2
249,3.1125,18.0,-0.05000000000000002,1.3677577125016263,3,2
250,3.125,18.0,-0.05000000000000002,1.3666005266930235,3,2
251,3.1375,18.0,-0.05000000000000002,1.3654367759140842,3,2
252,3.15,18.0,-0.05000000000000002,1.364266608369669,3,2
253,3.1625,18.0,-0.05000000000000002,1.3630901697590656,3,2
254,3.175,18.0,-0.05000000000000002,1.3619076033198954,3,2
255,3.1875,18.0,-0.05000000000000002,1.3607190498712203,3,2
256,3.2,18.0,-0.05000000000000002,1.359524647855813,3,2
257,3.2125,18.0,-0.05000000000000002,1.35832453338163,3,2
258,3.225,18.0,-0.05000000000000002,1.3571188402625245,3,2
259,3.2375,18.0,-0.05000000000000002,1.355907700058161,3,2
260,3.25,18.0,-0.05000000000000002,1.354691242113211,3,2
261,3.2625,18.0,-0.05000000000000002,1.3534695935957979,3,2
262,3.275,18.0,-0.05000000000000002,1.3522428795352222,3,2
263,3.2875,18.0,-0.05000000000000002,1.3510112228589841,3,2
264,3.3,18.0,-0.05000000000000002,1.3497747444291157,3,2
265,3.3125,18.0,-0.05000000000000002,1.3485335630778386,3,2
266,3.325,18.0,-0.05000000000000002,1.3472877956425464,3,2
267,3.3375,18.0,-0.05000000000000002,1.3460375570001506,3,2
268,3.35,18.0,-0.05000000000000002,1.344782960100783,3,2
269,3.3625,18.0,-0.05000000000000002,1.3435241160008675,3,2
270,3.375,18.0,-0.05000000000000002,1.3422611338955965,3,2
271,3.3875,18.0,-0.05000000000000002,1.3409941211507879,3,2
272,3.4,18.0,-0.05000000000000002,1.3397231833341667,3,2
273,3.4125,18.0,-0.05000000000000002,1.3384484242460684,3,2
274,3.425,18.0,-0.05000000000000002,1.3371699459495723,3,2
275,3.4375,18.0,-0.05000000000000002,1.3358878488000927,3,2
276,3.45,18.0,-0.05000000000000002,1.3346022314744121,3,2
277,3.4625,18.0,-0.05000000000000002,1.3333131909991949,3,2
278,3.475,18.0,-0.05000000000000002,1.332020822778979,3,2
279,3.4875,18.0,-0.05000000000000002,1.3307252206236424,3,2
280,3.5,18.0,-0.05000000000000002,1.3294264767753954,3,2
281,3.5125,18.0,-0.05000000000000002,1.3281246819352521,3,2
282,3.525,18.0,-0.05000000000000002,1.3268199252890438,3,2
283,3.5375,18.0,-0.05000000000000002,1.3255122945329472,3,2
284,3.55,18.0,-0.05000000000000002,1.3242018758985536,3,2
285,3.5625,18.0,-0.05000000000000002,1.3228887541774899,3,2
286,3.575,18.0,-0.05000000000000002,1.3215730127455856,3,2
287,3.5875,18.0,-0.05000000000000002,1.3202547335866102,3,2
288,3.6,18.0,-0.05000000000000002,1.3189339973155823,3,2
289,3.6125,18.0,-0.05000000000000002,1.317610883201655,3,2
290,3.625,18.0,-0.05000000000000002,1.3162854691906016,3,2
291,3.6375,18.0,-0.05000000000000002,1.3149578319268809,3,2
292,3.65,18.0,-0.05000000000000002,1.3136280467753236,3,2
293,3.6625,18.0,-0.05000000000000002,1.312296187842426,3,2
294,3.675,18.0,-0.05000000000000002,1.3109623279972524,3,2
295,3.6875,18.0,-0.05000000000000002,1.3096265388919883,3,2
296,3.7,18.0,-0.05000000000000002,1.3082888909821055,3,2
297,3.7125,18.0,-0.05000000000000002,1.3069494535461792,3,2
298,3.725,18.0,-0.05000000000000002,1.3056082947053553,3,2
299,3.7375,18.0,-0.05000000000000002,1.3042654814424641,3,2
300,3.75,18.0,-0.05000000000000002,1.3029210796208104,3,2
301,3.7625,18.0,-0.05000000000000002,1.3015751540026086,3,2
302,3.775,18.0,-0.05000000000000002,1.3002277682671237,3,2
303,3.7875,18.0,-0.05000000000000002,1.2988789850284657,3,2
304,3.8,18.0,-0.05000000000000002,1.297528865853078,3,2
305,3.8125,18.0,-0.05000000000000002,1.2961774712769323,3,2
306,3.825,18.0,-0.05000000000000002,1.2948248608224064,3,2
307,3.8375,18.0,-0.05000000000000002,1.2934710930148712,3,2
308,3.85,18.0,-0.05000000000000002,1.2921162253989915,3,2
309,3.8625,18.0,-0.05000000000000002,1.2907603145547328,3,2
310,3.875,18.0,-0.05000000000000002,1.2894034161131036,3,2
311,3.8875,18.0,-0.05000000000000002,1.288045584771611,3,2
312,3.9,18.0,-0.05000000000000002,1.2866868743094542,3,2
313,3.9125,18.0,-0.05000000000000002,1.2853273376024523,3,2
314,3.925,18.0,-0.05000000000000002,1.283967026637708,3,2
315,3.9375,18.0,-0.05000000000000002,1.2826059925280333,3,2
316,3.95,18.0,-0.05000000000000002,1.28124428552611,3,2
317,3.9625,18.0,-0.05000000000000002,1.2798819550384064,3,2
318,3.975,18.0,-0.05000000000000002,1.2785190496388745,3,2
319,3.9875,18.0,-0.05000000000000002,1.2771556170823788,3,2
320,4.0,18.0,-0.05000000000000002,1.275791704317926,3,2
321,4.0125,18.0,-0.05000000000000002,1.2744273575016458,3,2
322,4.025,18.0,-0.05000000000000002,1.273062622009562,3,2
323,4.0375,18.0,-0.05000000000000002,1.2716975424501382,3,2
324,4.05,18.0,-0.05000000000000002,1.2703321626766115,3,2
325,4.0625,18.0,-0.05000000000000002,1.2689665257991185,3,2
326,4.075,18.0,-0.05000000000000002,1.2676006741966073,3,2
327,4.0875,18.0,-0.05000000000000002,1.2662346495285595,3,2
328,4.1,18.0,-0.05000000000000002,1.264868492746497,3,2
329,4.1125,18.0,-0.05000000000000002,1.263502244105307,3,2
330,4.125,18.0,-0.05000000000000002,1.2621359431743693,3,2
331,4.1375,18.0,-0.05000000000000002,1.2607696288484953,3,2
332,4.15,18.0,-0.05000000000000002,1.2594033393586863,3,2
333,4.1625,18.0,-0.05000000000000002,1.2580371122827012,3,2
334,4.175,18.0,-0.05000000000000002,1.2566709845554607,3,2
335,4.1875,18.0,-0.05000000000000002,1.2553049924792594,3,2
336,4.2,18.0,-0.05000000000000002,1.2539391717338213,3,2
337,4.2125,18.0,-0.05000000000000002,1.2525735573861796,3,2
338,4.225,18.0,-0.05000000000000002,1.2512081839003875,3,2
339,4.2375,18.0,-0.05000000000000002,1.249843085147078,3,2
340,4.25,18.0,-0.05000000000000002,1.2484782944128499,3,2
341,4.2625,18.0,-0.05000000000000002,1.2471138444095087,3,2
342,4.275,18.0,-0.05000000000000002,1.2457497672831483,3,2
343,4.2875,18.0,-0.05000000000000002,1.2443860946230805,3,2
344,4.3,18.0,-0.05000000000000002,1.2430228574706206,3,2
345,4.3125,18.0,-0.05000000000000002,1.2416600863277243,3,2
346,4.325,18.0,-0.05000000000000002,1.240297811165479,3,2
347,4.3375,18.0,-0.05000000000000002,1.238936061432462,3,2
348,4.35,18.0,-0.05000000000000002,1.2375748660629522,3,2
349,4.3625,18.0,-0.05000000000000002,1.2362142534850125,3,2
350,4.375,18.0,-0.05000000000000002,1.234854251628436,3,2
351,4.3875,18.0,-0.05000000000000002,1.2334948879325598,3,2
352,4.4,18.0,-0.05000000000000002,1.232136189353959,3,2
353,4.4125,18.0,-0.05000000000000002,1.230778182373999,3,2
354,4.425,18.0,-0.05000000000000002,1.2294208930062798,3,2
355,4.4375,18.0,-0.05000000000000002,1.228064346803951,3,2
356,4.45,18.0,-0.05000000000000002,1.2267085688669024,3,2
357,4.4625,18.0,-0.05000000000000002,1.2253535838488496,3,2
358,4.475,18.0,-0.05000000000000002,1.223999415964291,3,2
359,4.4875,18.0,-0.05000000000000002,1.2226460889953634,3,2
360,4.5,18.0,-0.05000000000000002,1.2212936262985743,3,2
361,4.5125,18.0,-0.05000000000000002,1.219942050811433,3,2
362,4.525,18.0,-0.05000000000000002,1.218591385058973,3,2
363,4.5375,18.0,-0.05000000000000002,1.2172416511601656,3,2
364,4.55,18.0,-0.05000000000000002,1.215892870834233,3,2
365,4.5625,18.0,-0.05000000000000002,1.2145450654068553,3,2
366,4.575,18.0,-0.05000000000000002,1.2131982558162842,3,2
367,4.5875,18.0,-0.05000000000000002,1.2118524626193474,3,2
368,4.6,18.0,-0.05000000000000002,1.2105077059973683,3,2
369,4.6125,18.0,-0.05000000000000002,1.2091640057619841,3,2
370,4.625,18.0,-0.05000000000000002,1.2078213813608667,3,2
371,4.6375,18.0,-0.05000000000000002,1.2064798518833626,3,2
372,4.65,18.0,-0.05000000000000002,1.2051394360660308,3,2
373,4.6625,18.0,-0.05000000000000002,1.2038001522980997,3,2
374,4.675,18.0,-0.05000000000000002,1.2024620186268338,3,2
375,4.6875,18.0,-0.05000000000000002,1.2011250527628168,3,2
376,4.7,18.0,-0.05000000000000002,1.1997892720851457,3,2
377,4.7125,18.0,-0.05000000000000002,1.1984546936465486,3,2
378,4.725,18.0,-0.05000000000000002,1.1971213341784153,3,2
379,4.7375,18.0,-0.05000000000000002,1.1957892100957543,3,2
380,4.75,18.0,-0.05000000000000002,1.194458337502062,3,2
381,4.7625,18.0,-0.05000000000000002,1.1931287321941233,3,2
382,4.775,18.0,-0.05000000000000002,1.1918004096667338,3,2
383,4.7875,18.0,-0.05000000000000002,1.1904733851173437,3,2
384,4.8,18.0,-0.05000000000000002,1.1891476734506328,3,2
385,4.8125,18.0,-0.05000000000000002,1.1878232892830096,3,2
386,4.825,18.0,-0.05000000000000002,1.1865002469470456,3,2
387,4.8375,18.0,-0.05000000000000002,1.1851785604958307,3,2
388,4.85,18.0,-0.05000000000000002,1.1838582437072689,3,2
389,4.8625,18.0,-0.05000000000000002,1.1825393100882993,3,2
390,4.875,18.0,-0.05000000000000002,1.1812217728790568,3,2
391,4.8875,18.0,-0.05000000000000002,1.179905645056964,3,2
392,4.9,18.0,-0.05000000000000002,1.1785909393407599,3,2
393,4.9125,18.0,-0.05000000000000002,1.1772776681944657,3,2
394,4.925,18.0,-0.05000000000000002,1.175965843831289,3,2
395,4.9375,18.0,-0.05000000000000002,1.1746554782174679,3,2
396,4.95,18.0,-0.05000000000000002,1.1733465830760514,3,2
397,4.9625,18.0,-0.05000000000000002,1.1720391698906258,3,2
398,4.975,18.0,-0.05000000000000002,1.1707332499089809,3,2
399,4.9875,18.0,-0.05000000000000002,1.169428834146715,3,2
400,5.0,18.0,-0.05000000000000002,1.168125933390798,3,2
401,5.0125,18.0,-0.05000000000000002,1.1668245582030565,3,2
402,5.025,18.0,-0.05000000000000002,1.1655247189236304,3,2
403,5.0375,18.0,-0.05000000000000002,1.1642264256743564,3,2
404,5.05,18.0,-0.05000000000000002,1.1629296883621059,3,2
405,5.0625,18.0,-0.05000000000000002,1.1616345166820756,3,2
406,5.075,18.0,-0.05000000000000002,1.1603409201210222,3,2
407,5.0875,18.0,-0.05000000000000002,1.159048907960448,3,2
408,5.1,18.0,-0.05000000000000002,1.1577584892797395,3,2
409,5.1125,18.0,-0.05000000000000002,1.1564696729592536,3,2
410,5.125,18.0,-0.05000000000000002,1.1551824676833644,3,2
411,5.1375,18.0,-0.05000000000000002,1.1538968819434503,3,2
412,5.15,18.0,-0.05000000000000002,1.152612924040852,3,2
413,5.1625,18.0,-0.05000000000000002,1.15133060208977,3,2
414,5.175,18.0,-0.05000000000000002,1.1500499240201276,3,2
415,5.1875,18.0,-0.05000000000000002,1.1487708975803823,3,2
416,5.2,18.0,-0.05000000000000002,1.147493530340305,3,2
417,5.2125,18.0,-0.05000000000000002,1.146217829693706,3,2
418,5.225,18.0,-0.05000000000000002,1.1449438028611234,3,2
419,5.2375,18.0,-0.05000000000000002,1.1436714568924748,3,2
420,5.25,18.0,-0.05000000000000002,1.1424007986696607,3,2
421,5.2625,18.0,-0.05000000000000002,1.1411318349091368,3,2
422,5.275,18.0,-0.05000000000000002,1.139864572164441,3,2
423,5.2875,18.0,-0.05000000000000002,1.1385990168286848,3,2
424,5.3,18.0,-0.05000000000000002,1.1373351751370029,3,2
425,5.3125,18.0,-0.05000000000000002,1.1360730531689762,3,2
426,5.325,18.0,-0.05000000000000002,1.1348126568510042,3,2
427,5.3375,18.0,-0.05000000000000002,1.1335539919586544,3,2
428,5.35,18.0,-0.05000000000000002,1.1322970641189642,3,2
429,5.3625,18.0,-0.05000000000000002,1.131041878812721,3,2
430,5.375,18.0,-0.05000000000000002,1.1297884413766954,3,2
431,5.3875,18.0,-0.05000000000000002,1.1285367570058487,3,2
432,5.4,18.0,-0.05000000000000002,1.1272868307555077,3,2
433,5.4125,18.0,-0.05000000000000002,1.1260386675435001,3,2
434,5.425,18.0,-0.05000000000000002,1.1247922721522639,3,2
435,5.4375,18.0,-0.05000000000000002,1.1235476492309246,3,2
436,5.45,18.0,-0.05000000000000002,1.1223048032973355,3,2
437,5.4625,18.0,-0.05000000000000002,1.1210637387400981,3,2
438,5.475,18.0,-0.05000000000000002,1.1198244598205411,3,2
439,5.4875,18.0,-0.05000000000000002,1.1185869706746767,3,2
440,5.5,18.0,-0.05000000000000002,1.1173512753151242,3,2
441,5.5125,18.0,-0.05000000000000002,1.1161173776330107,3,2
442,5.525,18.0,-0.05000000000000002,1.1148852813998344,3,2
443,5.5375,18.0,-0.05000000000000002,1.1136549902693054,3,2
444,5.55,18.0,-0.05000000000000002,1.1124265077791637,3,2
445,5.5625,18.0,-0.05000000000000002,1.1111998373529575,3,2
446,5.575,18.0,-0.05000000000000002,1.1099749823018092,3,2
447,5.5875,18.0,-0.05000000000000002,1.1087519458261463,3,2
448,5.6,18.0,-0.05000000000000002,1.1075307310174067,3,2
449,5.6125,18.0,-0.05000000000000002,1.1063113408597256,3,2
450,5.625,18.0,-0.05000000000000002,1.1050937782315877,3,2
451,5.6375,18.0,-0.05000000000000002,1.1038780459074657,3,2
452,5.65,18.0,-0.05000000000000002,1.1026641465594231,3,2
453,5.6625,18.0,-0.05000000000000002,1.1014520827587047,3,2
454,5.675,18.0,-0.05000000000000002,1.1002418569772927,3,2
455,5.6875,18.0,-0.05000000000000002,1.0990334715894488,3,2
456,5.7,18.0,-0.05000000000000002,1.0978269288732305,3,2
457,5.7125,18.0,-0.05000000000000002,1.096622231011979,3,2
458,5.725,18.0,-0.05000000000000002,1.0954193800957999,3,2
459,5.7375,18.0,-0.05000000000000002,1.0942183781230026,3,2
460,5.75,18.0,-0.05000000000000002,1.0930192270015364,3,2
461,5.7625,18.0,-0.05000000000000002,1.0918219285503954,3,2
462,5.775,18.0,-0.05000000000000002,1.0906264845010054,3,2
463,5.7875,18.0,-0.05000000000000002,1.0894328964985873,3,2
464,5.8,18.0,-0.05000000000000002,1.0882411661035105,3,2
465,5.8125,18.0,-0.05000000000000002,1.0870512947926119,3,2
466,5.825,18.0,-0.05000000000000002,1.08586328396051,3,2
467,5.8375,18.0,-0.05000000000000002,1.0846771349208864,3,2
468,5.85,18.0,-0.05000000000000002,1.083492848907762,3,2
469,5.8625,18.0,-0.05000000000000002,1.08231042707674,3,2
470,5.875,18.0,-0.05000000000000002,1.081129870506246,3,2
471,5.8875,18.0,-0.05000000000000002,1.0799511801987376,3,2
472,5.9,18.0,-0.05000000000000002,1.0787743570819008,3,2
473,5.9125,18.0,-0.05000000000000002,1.0775994020098354,3,2
474,5.925,18.0,-0.05000000000000002,1.076426315764207,3,2
475,5.9375,18.0,-0.05000000000000002,1.075255099055402,3,2
476,5.95,18.0,-0.05000000000000002,1.0740857525236511,3,2
477,5.9625,18.0,-0.05000000000000002,1.0729182767401415,3,2
478,5.975,18.0,-0.05000000000000002,1.071752672208114,3,2
479,5.9875,18.0,-0.05000000000000002,1.0705889393639436,3,2
480,6.0,18.0,-0.05000000000000002,1.0694270785782007,3,2
481,6.0125,18.0,-0.05000000000000002,1.068267090156705,3,2
482,6.025,18.0,-0.05000000000000002,1.0671089743415543,3,2
483,6.0375,18.0,-0.05000000000000002,1.0659527313121455,3,2
484,6.05,18.0,-0.05000000000000002,1.0647983611861784,3,2
485,6.0625,18.0,-0.05000000000000002,1.0636458640206472,3,2
486,6.075,18.0,-0.05000000000000002,1.0624952398128102,3,2
487,6.0875,18.0,-0.05000000000000002,1.0613464885011545,3,2
488,6.1,18.0,-0.05000000000000002,1.060199609966345,3,2
489,6.1125,18.0,-0.05000000000000002,1.059054604032153,3,2
490,6.125,18.0,-0.05000000000000002,1.0579114704663775,3,2
491,6.1375,18.0,-0.05000000000000002,1.056770208981756,3,2
492,6.15,18.0,-0.05000000000000002,1.0556308192368522,3,2
493,6.1625,18.0,-0.05000000000000002,1.0544933008369406,3,2
494,6.175,18.0,-0.05000000000000002,1.0533576533348712,3,2
495,6.1875,18.0,-0.05000000000000002,1.0522238762319283,3,2
496,6.2,18.0,-0.05000000000000002,1.0510919689786729,3,2
497,6.2125,18.0,-0.05000000000000002,1.0499619309757706,3,2
498,6.225,18.0,-0.05000000000000002,1.0488337615748147,3,2
499,6.2375,18.0,-0.05000000000000002,1.0477074600791314,3,2
500,6.25,18.0,-0.05000000000000002,1.0465830257445743,3,2
501,6.2625,18.0,-0.05000000000000002,1.0454604577803113,3,2
502,6.275,18.0,-0.05000000000000002,1.044339755349597,3,2
503,6.2875,18.0,-0.05000000000000002,1.0432209175705303,3,2
504,6.3,18.0,-0.05000000000000002,1.0421039435168122,3,2
505,6.3125,18.0,-0.05000000000000002,1.0409888322184813,3,2
506,6.325,18.0,-0.05000000000000002,1.0398755826626433,3,2
507,6.3375,18.0,-0.05000000000000002,1.038764193794191,3,2
508,6.35,18.0,-0.05000000000000002,1.0376546645165132,3,2
509,6.3625,18.0,-0.05000000000000002,1.0365469936921938,3,2
510,6.375,18.0,-0.05000000000000002,1.0354411801436993,3,2
511,6.3875,18.0,-0.05000000000000002,1.0343372226540573,3,2
512,6.4,18.0,-0.05000000000000002,1.0332351199675258,3,2
513,6.4125,18.0,-0.05000000000000002,1.0321348707902525,3,2
514,6.425,18.0,-0.05000000000000002,1.031036473790924,3,2
515,6.4375,18.0,-0.05000000000000002,1.0299399276014096,3,2
516,6.45,18.0,-0.05000000000000002,1.0288452308173874,3,2
517,6.4625,18.0,-0.05000000000000002,1.0277523819989716,3,2
518,6.475,18.0,-0.05000000000000002,1.026661379671324,3,2
519,6.4875,18.0,-0.05000000000000002,1.0255722223252568,3,2
520,6.5,18.0,-0.05000000000000002,1.024484908417833,3,2
521,6.5125,18.0,-0.05000000000000002,1.0233994363729504,3,2
522,6.525,18.0,-0.05000000000000002,1.0223158045819227,3,2
523,6.5375,18.0,-0.05000000000000002,1.021234011404049,3,2
524,6.55,18.0,-0.05000000000000002,1.0201540551671784,3,2
525,6.5625,18.0,-0.05000000000000002,1.019075934168261,3,2
526,6.575,18.0,-0.05000000000000002,1.0179996466739007,3,2
527,6.5875,18.0,-0.05000000000000002,1.0169251909208887,3,2
528,6.6,18.0,-0.05000000000000002,1.0158525651167367,3,2
529,6.6125,18.0,-0.05000000000000002,1.0147817674402022,3,2
530,6.625,18.0,-0.05000000000000002,1.0137127960418022,3,2
531,6.6375,18.0,-0.05000000000000002,1.0126456490443227,3,2
532,6.65,18.0,-0.05000000000000002,1.0115803245433215,3,2
533,6.6625,18.0,-0.05000000000000002,1.0105168206076218,3,2
534,6.675,18.0,-0.05000000000000002,1.009455135279799,3,2
535,6.6875,18.0,-0.05000000000000002,1.0083952665766627,3,2
536,6.7,18.0,-0.05000000000000002,1.0073372124897289,3,2
537,6.7125,18.0,-0.05000000000000002,1.0062809709856881,3,2
538,6.725,18.0,-0.05000000000000002,1.005226540006862,3,2
539,6.7375,18.0,-0.05000000000000002,1.0041739174716635,3,2
540,6.75,18.0,-0.05000000000000002,1.003123101275037,3,2
541,6.7625,18.0,-0.05000000000000002,1.0020740892889037,3,2
542,6.775,18.0,-0.05000000000000002,1.0010268793625945,3,2
543,6.7875,18.0,-0.05000000000000002,0.999981469323278,3,2
544,6.8,18.0,-0.05000000000000002,0.9989378569763833,3,2
545,6.8125,18.0,-0.05000000000000002,0.9978960401060148,3,2
546,6.825,18.0,-0.05000000000000002,0.9968560164753656,3,2
547,6.8375,18.0,-0.05000000000000002,0.9958177838271176,3,2
548,6.85,18.0,-0.05000000000000002,0.994781339883843,3,2
549,6.8625,18.0,-0.05000000000000002,0.9937466823483971,3,2
550,6.875,18.0,-0.05000000000000002,0.9927138089043028,3,2
