seed,condition,gamma,delta_c,late_p_engaged
10001,Control,18.0,-0.05,0.25933026897594896
10002,Control,18.0,-0.05,0.43563369854772227
10011,Control,18.0,-0.05,0.23288316902264378
10020,Control,18.0,-0.05,0.11353000932928621
10022,Control,18.0,-0.05,0.07302877293062415
10038,Control,18.0,-0.05,0.3124156548490712
10043,Control,18.0,-0.05,0.4016365905539561
10045,Control,18.0,-0.05,0.1888647399324562
10048,Control,18.0,-0.05,0.20285741223939335
10050,Control,18.0,-0.05,0.10766796926551417
10054,Control,18.0,-0.05,0.26097153726717354
10055,Control,18.0,-0.05,0.032342322903623065
10058,Control,18.0,-0.05,0.06269843900719532
10067,Control,18.0,-0.05,0.2779538161230344
10069,Control,18.0,-0.05,0.08254978981137423
10084,Control,18.0,-0.05,0.32558553220123104
10088,Control,18.0,-0.05,0.1140514136488953
10090,Control,18.0,-0.05,0.34741657227310996
10094,Control,18.0,-0.05,0.31002111683836703
10108,Control,18.0,-0.05,0.35905005835719456
10114,Control,18.0,-0.05,0.0501145421922209
10122,Control,18.0,-0.05,0.6298567909272955
10124,Control,18.0,-0.05,0.20269955111897223
10129,Control,18.0,-0.05,0.23213057208058038
10140,Control,18.0,-0.05,0.07374988420645928
10146,Control,18.0,-0.05,0.19994994587094717
10150,Control,18.0,-0.05,0.03543020554545334
10158,Control,18.0,-0.05,0.08768641223891162
10159,Control,18.0,-0.05,0.4965102196630449
10169,Control,18.0,-0.05,0.1274113809488423
10174,Control,18.0,-0.05,0.1987277381697195
10175,Control,18.0,-0.05,0.07732735962402991
10181,Control,18.0,-0.05,0.35533397241034836
10192,Control,18.0,-0.05,0.27740547094665796
10195,Control,18.0,-0.05,0.16480710034926185
10196,Control,18.0,-0.05,0.36869751102145076
10200,Control,18.0,-0.05,0.026717332638846944
10202,Control,18.0,-0.05,0.22170932992395326
10208,Control,18.0,-0.05,0.12423484869156255
10210,Control,18.0,-0.05,0.04456764532508898
10211,Control,18.0,-0.05,0.38553346045871195
10223,Control,18.0,-0.05,0.11563472216577317
10225,Control,18.0,-0.05,0.09811164947586114
10228,Control,18.0,-0.05,0.3716478147445305
10249,Control,18.0,-0.05,0.12558179495704103
10256,Control,18.0,-0.05,0.33994431876667336
10257,Control,18.0,-0.05,0.11772567239749922
10263,Control,18.0,-0.05,0.0839112784342206
10266,Control,18.0,-0.05,0.07298739512516643
10270,Control,18.0,-0.05,0.4825343626666526
10282,Control,18.0,-0.05,0.5658261670000797
10284,Control,18.0,-0.05,0.03579663313755655
10295,Control,18.0,-0.05,0.04161114781388754
10302,Control,18.0,-0.05,0.21863517438174324
10307,Control,18.0,-0.05,0.14250818778085214
10315,Control,18.0,-0.05,0.28499577099671725
10318,Control,18.0,-0.05,0.04786163766818122
10321,Control,18.0,-0.05,0.5156371612536222
10326,Control,18.0,-0.05,0.1392868543003924
10327,Control,18.0,-0.05,0.21617844971106284
10334,Control,18.0,-0.05,0.03502266840712157
10349,Control,18.0,-0.05,0.044495801378703986
10350,Control,18.0,-0.05,0.1497231097236021
10358,Control,18.0,-0.05,0.16406944133494655
10361,Control,18.0,-0.05,0.04595413300845208
10374,Control,18.0,-0.05,0.05895838434950823
10380,Control,18.0,-0.05,0.08130222129516597
10383,Control,18.0,-0.05,0.13082779899930763
10394,Control,18.0,-0.05,0.021851556220131848
10395,Control,18.0,-0.05,0.15693191481827207
10412,Control,18.0,-0.05,0.08890671297728671
10413,Control,18.0,-0.05,0.21519841944334075
10415,Control,18.0,-0.05,0.14703632942960312
10423,Control,18.0,-0.05,0.11889743223698834
10429,Control,18.0,-0.05,0.04512364227346462
10430,Control,18.0,-0.05,0.0879007091736108
10431,Control,18.0,-0.05,0.06781122864927426
10434,Control,18.0,-0.05,0.10759433755198651
10447,Control,18.0,-0.05,0.033757015300419566
10450,Control,18.0,-0.05,0.1878051845250259
10457,Control,18.0,-0.05,0.07160606590315118
10463,Control,18.0,-0.05,0.358591908919637
10464,Control,18.0,-0.05,0.2916467119823101
10466,Control,18.0,-0.05,0.08934518096563134
10474,Control,18.0,-0.05,0.2052049357730404
10476,Control,18.0,-0.05,0.10988928809112387
10478,Control,18.0,-0.05,0.20765495455636035
10484,Control,18.0,-0.05,0.1350404336693104
10485,Control,18.0,-0.05,0.10295972405809317
10492,Control,18.0,-0.05,0.17367957766986997
10493,Control,18.0,-0.05,0.20304060199699706
10494,Control,18.0,-0.05,0.3207055395045074
10495,Control,18.0,-0.05,0.22098674305895322
10497,Control,18.0,-0.05,0.14489520565493486
10498,Control,18.0,-0.05,0.25289800950574676
10501,Control,18.0,-0.05,0.10306958041275555
10502,Control,18.0,-0.05,0.2292581995826829
10512,Control,18.0,-0.05,0.4102423794199099
10513,Control,18.0,-0.05,0.07559498294135199
10514,Control,18.0,-0.05,0.013854416284467059
10518,Control,18.0,-0.05,0.04303577468476466
10522,Control,18.0,-0.05,0.01064464931757813
10524,Control,18.0,-0.05,0.41142341915587777
10533,Control,18.0,-0.05,0.11159550682247442
10534,Control,18.0,-0.05,0.123839062358119
10544,Control,18.0,-0.05,0.0215740098764323
10550,Control,18.0,-0.05,0.21150874132083164
10557,Control,18.0,-0.05,0.2897720418821556
10560,Control,18.0,-0.05,0.07961317940610302
10569,Control,18.0,-0.05,0.03394812298597009
10575,Control,18.0,-0.05,0.23983903459085132
10576,Control,18.0,-0.05,0.04891281351954564
10584,Control,18.0,-0.05,0.18959869944174446
10586,Control,18.0,-0.05,0.23712805483046437
10593,Control,18.0,-0.05,0.33458274374981317
10601,Control,18.0,-0.05,0.19583752361518791
10604,Control,18.0,-0.05,0.14677224580535886
10606,Control,18.0,-0.05,0.09456726009924225
10611,Control,18.0,-0.05,0.27384498254075296
10613,Control,18.0,-0.05,0.12440795550202408
10615,Control,18.0,-0.05,0.1725098176230781
10616,Control,18.0,-0.05,0.15585263595554558
10620,Control,18.0,-0.05,0.10847194407759614
10621,Control,18.0,-0.05,0.30867783474094884
10624,Control,18.0,-0.05,0.4075710762107856
10629,Control,18.0,-0.05,0.12120055584233759
10632,Control,18.0,-0.05,0.05938821269592367
10635,Control,18.0,-0.05,0.03209025742043937
10637,Control,18.0,-0.05,0.05945307939044107
10649,Control,18.0,-0.05,0.23992787367604482
10657,Control,18.0,-0.05,0.19725511696579223
10661,Control,18.0,-0.05,0.1154556799132886
10663,Control,18.0,-0.05,0.13578887688569785
10664,Control,18.0,-0.05,0.32460159027412067
10665,Control,18.0,-0.05,0.059059355217175494
10673,Control,18.0,-0.05,0.07506460413533418
10676,Control,18.0,-0.05,0.20625897046758168
10681,Control,18.0,-0.05,0.25723880179269926
10684,Control,18.0,-0.05,0.2508504659299689
10689,Control,18.0,-0.05,0.13143350918440175
10690,Control,18.0,-0.05,0.05923893919659576
10696,Control,18.0,-0.05,0.5390351098232972
10700,Control,18.0,-0.05,0.12532058385171368
10718,Control,18.0,-0.05,0.38868224364740145
10721,Control,18.0,-0.05,0.07603668342645133
10723,Control,18.0,-0.05,0.016675051017184236
10728,Control,18.0,-0.05,0.17185630144162478
10731,Control,18.0,-0.05,0.17984505070632534
10752,Control,18.0,-0.05,0.3169859897647913
10756,Control,18.0,-0.05,0.36851564336597037
10760,Control,18.0,-0.05,0.4556370591294001
10773,Control,18.0,-0.05,0.13207547667593278
10787,Control,18.0,-0.05,0.026094161717354125
10788,Control,18.0,-0.05,0.4928878818180056
10790,Control,18.0,-0.05,0.24237140092694376
10792,Control,18.0,-0.05,0.1364301907975067
10805,Control,18.0,-0.05,0.12323882933188521
10828,Control,18.0,-0.05,0.31925575522331495
10838,Control,18.0,-0.05,0.10895675150870231
10840,Control,18.0,-0.05,0.11180444023057003
10850,Control,18.0,-0.05,0.11752163600862393
10856,Control,18.0,-0.05,0.3300736488987755
10859,Control,18.0,-0.05,0.05441604361324452
10865,Control,18.0,-0.05,0.02171812802848228
10867,Control,18.0,-0.05,0.23379825515391933
10868,Control,18.0,-0.05,0.35334333432225085
10877,Control,18.0,-0.05,0.0455417820728862
10883,Control,18.0,-0.05,0.3304101482751662
10885,Control,18.0,-0.05,0.02109730453336247
10886,Control,18.0,-0.05,0.21351776563991404
10897,Control,18.0,-0.05,0.3935569691445023
10915,Control,18.0,-0.05,0.05800582674686024
10916,Control,18.0,-0.05,0.381598793822664
10917,Control,18.0,-0.05,0.3083351217350548
10920,Control,18.0,-0.05,0.1957935015313652
10923,Control,18.0,-0.05,0.05162714450516798
10925,Control,18.0,-0.05,0.3547078714320395
10929,Control,18.0,-0.05,0.05706272428418477
10949,Control,18.0,-0.05,0.5186454585901492
10951,Control,18.0,-0.05,0.08398602061573204
10954,Control,18.0,-0.05,0.37875908168179906
10963,Control,18.0,-0.05,0.282776934615343
10965,Control,18.0,-0.05,0.22382583361017042
10966,Control,18.0,-0.05,0.2584025992867241
10975,Control,18.0,-0.05,0.2729889772427876
10978,Control,18.0,-0.05,0.14787388270393997
10981,Control,18.0,-0.05,0.028215665876548036
10985,Control,18.0,-0.05,0.2771499536745581
10987,Control,18.0,-0.05,0.20531177062035533
10995,Control,18.0,-0.05,0.29701066917852936
10999,Control,18.0,-0.05,0.026345613509098618
11015,Control,18.0,-0.05,0.3840076653431851
11017,Control,18.0,-0.05,0.06490421324657426
11019,Control,18.0,-0.05,0.07670041599256015
11028,Control,18.0,-0.05,0.27811700080307533
11030,Control,18.0,-0.05,0.4105461182161125
11032,Control,18.0,-0.05,0.04493175972709522
11034,Control,18.0,-0.05,0.04446923507149315
11038,Control,18.0,-0.05,0.3264808445355479
11056,Control,18.0,-0.05,0.22584523667487816
10001,Restore gamma only,20.0,-0.05,0.23804397805456484
10002,Restore gamma only,20.0,-0.05,0.42865479174685217
10011,Restore gamma only,20.0,-0.05,0.22231520966801172
10020,Restore gamma only,20.0,-0.05,0.09393846957885926
10022,Restore gamma only,20.0,-0.05,0.060068054660380676
10038,Restore gamma only,20.0,-0.05,0.28599923328276217
10043,Restore gamma only,20.0,-0.05,0.3911291389379244
10045,Restore gamma only,20.0,-0.05,0.15413606307681108
10048,Restore gamma only,20.0,-0.05,0.18390876991646823
10050,Restore gamma only,20.0,-0.05,0.08531363672219273
10054,Restore gamma only,20.0,-0.05,0.24355036697515295
10055,Restore gamma only,20.0,-0.05,0.021696602834406616
10058,Restore gamma only,20.0,-0.05,0.039400694555079
10067,Restore gamma only,20.0,-0.05,0.26996811685728983
10069,Restore gamma only,20.0,-0.05,0.0575508689896742
10084,Restore gamma only,20.0,-0.05,0.30416924599461564
10088,Restore gamma only,20.0,-0.05,0.07764105923480615
10090,Restore gamma only,20.0,-0.05,0.3076805119337767
10094,Restore gamma only,20.0,-0.05,0.2915455879657577
10108,Restore gamma only,20.0,-0.05,0.3161649346782808
10114,Restore gamma only,20.0,-0.05,0.04014708431119688
10122,Restore gamma only,20.0,-0.05,0.6465889079757203
10124,Restore gamma only,20.0,-0.05,0.14128081092174205
10129,Restore gamma only,20.0,-0.05,0.20673717231894562
10140,Restore gamma only,20.0,-0.05,0.05423455978152189
10146,Restore gamma only,20.0,-0.05,0.17982616336852814
10150,Restore gamma only,20.0,-0.05,0.0214148506551651
10158,Restore gamma only,20.0,-0.05,0.0673694884965158
10159,Restore gamma only,20.0,-0.05,0.4961272874424474
10169,Restore gamma only,20.0,-0.05,0.09417639619790627
10174,Restore gamma only,20.0,-0.05,0.169115243226738
10175,Restore gamma only,20.0,-0.05,0.06026058051994378
10181,Restore gamma only,20.0,-0.05,0.32779812652512036
10192,Restore gamma only,20.0,-0.05,0.24508036697332233
10195,Restore gamma only,20.0,-0.05,0.14324038501266856
10196,Restore gamma only,20.0,-0.05,0.36277426330214885
10200,Restore gamma only,20.0,-0.05,0.019094869038861467
10202,Restore gamma only,20.0,-0.05,0.1870567734046103
10208,Restore gamma only,20.0,-0.05,0.09690044237140148
10210,Restore gamma only,20.0,-0.05,0.031043236161615036
10211,Restore gamma only,20.0,-0.05,0.3505629534828043
10223,Restore gamma only,20.0,-0.05,0.0997175828251904
10225,Restore gamma only,20.0,-0.05,0.07793454549671253
10228,Restore gamma only,20.0,-0.05,0.30989392221838485
10249,Restore gamma only,20.0,-0.05,0.09672282751795695
10256,Restore gamma only,20.0,-0.05,0.3126355600299553
10257,Restore gamma only,20.0,-0.05,0.07076936922671485
10263,Restore gamma only,20.0,-0.05,0.06916103475661342
10266,Restore gamma only,20.0,-0.05,0.046127910466337685
10270,Restore gamma only,20.0,-0.05,0.4806314439462219
10282,Restore gamma only,20.0,-0.05,0.5263980345536773
10284,Restore gamma only,20.0,-0.05,0.025913613499455437
10295,Restore gamma only,20.0,-0.05,0.02856030548342581
10302,Restore gamma only,20.0,-0.05,0.17364534116033645
10307,Restore gamma only,20.0,-0.05,0.10734989117807009
10315,Restore gamma only,20.0,-0.05,0.27501982805136577
10318,Restore gamma only,20.0,-0.05,0.03854828764443372
10321,Restore gamma only,20.0,-0.05,0.5173688572855996
10326,Restore gamma only,20.0,-0.05,0.1091016933221283
10327,Restore gamma only,20.0,-0.05,0.14658737174665373
10334,Restore gamma only,20.0,-0.05,0.02566549189933701
10349,Restore gamma only,20.0,-0.05,0.03363470844201162
10350,Restore gamma only,20.0,-0.05,0.12977134339896312
10358,Restore gamma only,20.0,-0.05,0.14254387984168085
10361,Restore gamma only,20.0,-0.05,0.032900768399338004
10374,Restore gamma only,20.0,-0.05,0.042852440153820975
10380,Restore gamma only,20.0,-0.05,0.0606209243224164
10383,Restore gamma only,20.0,-0.05,0.1033385536982407
10394,Restore gamma only,20.0,-0.05,0.013962115149263616
10395,Restore gamma only,20.0,-0.05,0.11677666140834671
10412,Restore gamma only,20.0,-0.05,0.07033916003949091
10413,Restore gamma only,20.0,-0.05,0.201139311209191
10415,Restore gamma only,20.0,-0.05,0.13768380480977968
10423,Restore gamma only,20.0,-0.05,0.08792749644859349
10429,Restore gamma only,20.0,-0.05,0.03230879928096825
10430,Restore gamma only,20.0,-0.05,0.06454412978194442
10431,Restore gamma only,20.0,-0.05,0.045239707719432386
10434,Restore gamma only,20.0,-0.05,0.08478965139012498
10447,Restore gamma only,20.0,-0.05,0.02426448996771438
10450,Restore gamma only,20.0,-0.05,0.14859218345166825
10457,Restore gamma only,20.0,-0.05,0.0543020110613833
10463,Restore gamma only,20.0,-0.05,0.3235927823413467
10464,Restore gamma only,20.0,-0.05,0.2572666908681802
10466,Restore gamma only,20.0,-0.05,0.06425913189377487
10474,Restore gamma only,20.0,-0.05,0.14886986075715508
10476,Restore gamma only,20.0,-0.05,0.10977179033823634
10478,Restore gamma only,20.0,-0.05,0.1858457842224791
10484,Restore gamma only,20.0,-0.05,0.11888417290431587
10485,Restore gamma only,20.0,-0.05,0.08828616833172648
10492,Restore gamma only,20.0,-0.05,0.1502746581687531
10493,Restore gamma only,20.0,-0.05,0.18808735021238404
10494,Restore gamma only,20.0,-0.05,0.2450026278114752
10495,Restore gamma only,20.0,-0.05,0.1914012323786311
10497,Restore gamma only,20.0,-0.05,0.1319361805972205
10498,Restore gamma only,20.0,-0.05,0.18303822205493517
10501,Restore gamma only,20.0,-0.05,0.08274576220975921
10502,Restore gamma only,20.0,-0.05,0.1795759074171128
10512,Restore gamma only,20.0,-0.05,0.3659670622628149
10513,Restore gamma only,20.0,-0.05,0.05087394595804003
10514,Restore gamma only,20.0,-0.05,0.008992385666284693
10518,Restore gamma only,20.0,-0.05,0.030147654550631783
10522,Restore gamma only,20.0,-0.05,0.006462631919573755
10524,Restore gamma only,20.0,-0.05,0.3820713405678838
10533,Restore gamma only,20.0,-0.05,0.07993527741692827
10534,Restore gamma only,20.0,-0.05,0.10285706942826706
10544,Restore gamma only,20.0,-0.05,0.013381812120717023
10550,Restore gamma only,20.0,-0.05,0.17927010426937198
10557,Restore gamma only,20.0,-0.05,0.2833890378239499
10560,Restore gamma only,20.0,-0.05,0.06087096851693041
10569,Restore gamma only,20.0,-0.05,0.02559677824654169
10575,Restore gamma only,20.0,-0.05,0.17603892526093015
10576,Restore gamma only,20.0,-0.05,0.03976207554958996
10584,Restore gamma only,20.0,-0.05,0.15846767842385398
10586,Restore gamma only,20.0,-0.05,0.17361401115234784
10593,Restore gamma only,20.0,-0.05,0.3095818722530375
10601,Restore gamma only,20.0,-0.05,0.16998525834552924
10604,Restore gamma only,20.0,-0.05,0.11518500000237655
10606,Restore gamma only,20.0,-0.05,0.0714485522799408
10611,Restore gamma only,20.0,-0.05,0.13952696194698158
10613,Restore gamma only,20.0,-0.05,0.08953988803520513
10615,Restore gamma only,20.0,-0.05,0.13228054210463575
10616,Restore gamma only,20.0,-0.05,0.13233062704158263
10620,Restore gamma only,20.0,-0.05,0.09967141924370158
10621,Restore gamma only,20.0,-0.05,0.2788790427723014
10624,Restore gamma only,20.0,-0.05,0.41077357716713175
10629,Restore gamma only,20.0,-0.05,0.08438920983109695
10632,Restore gamma only,20.0,-0.05,0.04024157154455918
10635,Restore gamma only,20.0,-0.05,0.023041254805839326
10637,Restore gamma only,20.0,-0.05,0.041398117722918945
10649,Restore gamma only,20.0,-0.05,0.21389031202911718
10657,Restore gamma only,20.0,-0.05,0.16015078370242658
10661,Restore gamma only,20.0,-0.05,0.08624213618756467
10663,Restore gamma only,20.0,-0.05,0.1060133231103899
10664,Restore gamma only,20.0,-0.05,0.3465535924701981
10665,Restore gamma only,20.0,-0.05,0.04733869023365288
10673,Restore gamma only,20.0,-0.05,0.057204310070955076
10676,Restore gamma only,20.0,-0.05,0.14980015483102926
10681,Restore gamma only,20.0,-0.05,0.2087132195339085
10684,Restore gamma only,20.0,-0.05,0.24174383570819685
10689,Restore gamma only,20.0,-0.05,0.09850363239267101
10690,Restore gamma only,20.0,-0.05,0.04383302781300327
10696,Restore gamma only,20.0,-0.05,0.5545884687842918
10700,Restore gamma only,20.0,-0.05,0.1021530247192027
10718,Restore gamma only,20.0,-0.05,0.41246514758017094
10721,Restore gamma only,20.0,-0.05,0.05886627501507479
10723,Restore gamma only,20.0,-0.05,0.011186402196012038
10728,Restore gamma only,20.0,-0.05,0.14997813208613786
10731,Restore gamma only,20.0,-0.05,0.15517750376764888
10752,Restore gamma only,20.0,-0.05,0.3073329854894711
10756,Restore gamma only,20.0,-0.05,0.3384241078927376
10760,Restore gamma only,20.0,-0.05,0.4133702613025936
10773,Restore gamma only,20.0,-0.05,0.10618220756678357
10787,Restore gamma only,20.0,-0.05,0.01680749645650793
10788,Restore gamma only,20.0,-0.05,0.49252365046065505
10790,Restore gamma only,20.0,-0.05,0.21368543958257302
10792,Restore gamma only,20.0,-0.05,0.09533496157568103
10805,Restore gamma only,20.0,-0.05,0.10658484535200291
10828,Restore gamma only,20.0,-0.05,0.30716218334680034
10838,Restore gamma only,20.0,-0.05,0.0720866194192827
10840,Restore gamma only,20.0,-0.05,0.07635673090257518
10850,Restore gamma only,20.0,-0.05,0.0839194248165904
10856,Restore gamma only,20.0,-0.05,0.3147697018178751
10859,Restore gamma only,20.0,-0.05,0.039385122218441364
10865,Restore gamma only,20.0,-0.05,0.013608229545993245
10867,Restore gamma only,20.0,-0.05,0.22205405986289836
10868,Restore gamma only,20.0,-0.05,0.327427146226383
10877,Restore gamma only,20.0,-0.05,0.028669578969142843
10883,Restore gamma only,20.0,-0.05,0.29163735853677786
10885,Restore gamma only,20.0,-0.05,0.012622001317475547
10886,Restore gamma only,20.0,-0.05,0.20102146329322945
10897,Restore gamma only,20.0,-0.05,0.3197578062716275
10915,Restore gamma only,20.0,-0.05,0.04557873997696823
10916,Restore gamma only,20.0,-0.05,0.35439967531938776
10917,Restore gamma only,20.0,-0.05,0.31095761487663864
10920,Restore gamma only,20.0,-0.05,0.178393837866121
10923,Restore gamma only,20.0,-0.05,0.03451227359193469
10925,Restore gamma only,20.0,-0.05,0.33545731289312053
10929,Restore gamma only,20.0,-0.05,0.039357547298550004
10949,Restore gamma only,20.0,-0.05,0.538833364484584
10951,Restore gamma only,20.0,-0.05,0.06630561396124658
10954,Restore gamma only,20.0,-0.05,0.3570656622887782
10963,Restore gamma only,20.0,-0.05,0.24183712378421934
10965,Restore gamma only,20.0,-0.05,0.1988299277383593
10966,Restore gamma only,20.0,-0.05,0.2299504883465545
10975,Restore gamma only,20.0,-0.05,0.2637991465667186
10978,Restore gamma only,20.0,-0.05,0.12936203064362425
10981,Restore gamma only,20.0,-0.05,0.01523387997230099
10985,Restore gamma only,20.0,-0.05,0.23523695469379313
10987,Restore gamma only,20.0,-0.05,0.18971423028690385
10995,Restore gamma only,20.0,-0.05,0.27222155039911433
10999,Restore gamma only,20.0,-0.05,0.016504039225141192
11015,Restore gamma only,20.0,-0.05,0.37577746260955697
11017,Restore gamma only,20.0,-0.05,0.045134257290359116
11019,Restore gamma only,20.0,-0.05,0.06827339652719307
11028,Restore gamma only,20.0,-0.05,0.23958241135217961
11030,Restore gamma only,20.0,-0.05,0.4012866116472395
11032,Restore gamma only,20.0,-0.05,0.02865858787997917
11034,Restore gamma only,20.0,-0.05,0.030926040036646806
11038,Restore gamma only,20.0,-0.05,0.2936276851397704
11056,Restore gamma only,20.0,-0.05,0.2024294318506378
10001,Restore delta_c only,18.0,0.15,0.8800823686569841
10002,Restore delta_c only,18.0,0.15,0.956082402367594
10011,Restore delta_c only,18.0,0.15,0.7892512670847736
10020,Restore delta_c only,18.0,0.15,0.9012416311834253
10022,Restore delta_c only,18.0,0.15,0.6453439077989807
10038,Restore delta_c only,18.0,0.15,0.925486968077312
10043,Restore delta_c only,18.0,0.15,0.9124854681774301
10045,Restore delta_c only,18.0,0.15,0.8472146876739468
10048,Restore delta_c only,18.0,0.15,0.8690586080037683
10050,Restore delta_c only,18.0,0.15,0.9050301745006364
10054,Restore delta_c only,18.0,0.15,0.8670217686568584
10055,Restore delta_c only,18.0,0.15,0.3998563932867851
10058,Restore delta_c only,18.0,0.15,0.5562574627645088
10067,Restore delta_c only,18.0,0.15,0.9443605515980346
10069,Restore delta_c only,18.0,0.15,0.5096033296381868
10084,Restore delta_c only,18.0,0.15,0.8585184621788176
10088,Restore delta_c only,18.0,0.15,0.7673763029818255
10090,Restore delta_c only,18.0,0.15,0.9265534515642859
10094,Restore delta_c only,18.0,0.15,0.9044536982190682
10108,Restore delta_c only,18.0,0.15,0.9392904820421012
10114,Restore delta_c only,18.0,0.15,0.779354271602595
10122,Restore delta_c only,18.0,0.15,0.9649071174353621
10124,Restore delta_c only,18.0,0.15,0.9173929534627253
10129,Restore delta_c only,18.0,0.15,0.8275549129182812
10140,Restore delta_c only,18.0,0.15,0.7267429183751283
10146,Restore delta_c only,18.0,0.15,0.871925758128643
10150,Restore delta_c only,18.0,0.15,0.5502007902413277
10158,Restore delta_c only,18.0,0.15,0.6919511048335746
10159,Restore delta_c only,18.0,0.15,0.9306652120012189
10169,Restore delta_c only,18.0,0.15,0.7694559593728099
10174,Restore delta_c only,18.0,0.15,0.87424789597978
10175,Restore delta_c only,18.0,0.15,0.8160729903661366
10181,Restore delta_c only,18.0,0.15,0.892398890498499
10192,Restore delta_c only,18.0,0.15,0.9303498394425521
10195,Restore delta_c only,18.0,0.15,0.8576979652472736
10196,Restore delta_c only,18.0,0.15,0.8855050203882707
10200,Restore delta_c only,18.0,0.15,0.30619407515653635
10202,Restore delta_c only,18.0,0.15,0.9349968344318599
10208,Restore delta_c only,18.0,0.15,0.7650383829211244
10210,Restore delta_c only,18.0,0.15,0.35150247608507484
10211,Restore delta_c only,18.0,0.15,0.9192402254581726
10223,Restore delta_c only,18.0,0.15,0.8815085086608632
10225,Restore delta_c only,18.0,0.15,0.6851701312386059
10228,Restore delta_c only,18.0,0.15,0.9708355457024613
10249,Restore delta_c only,18.0,0.15,0.7938150624219997
10256,Restore delta_c only,18.0,0.15,0.8798806127223955
10257,Restore delta_c only,18.0,0.15,0.7672089633958231
10263,Restore delta_c only,18.0,0.15,0.7435130735841072
10266,Restore delta_c only,18.0,0.15,0.7284591670564231
10270,Restore delta_c only,18.0,0.15,0.9257799589030025
10282,Restore delta_c only,18.0,0.15,0.9345685703212954
10284,Restore delta_c only,18.0,0.15,0.3739191664966065
10295,Restore delta_c only,18.0,0.15,0.37973747590045653
10302,Restore delta_c only,18.0,0.15,0.8174066672295569
10307,Restore delta_c only,18.0,0.15,0.8715476578982215
10315,Restore delta_c only,18.0,0.15,0.8969229451947666
10318,Restore delta_c only,18.0,0.15,0.6950206756949244
10321,Restore delta_c only,18.0,0.15,0.9460538765047297
10326,Restore delta_c only,18.0,0.15,0.8821603642144781
10327,Restore delta_c only,18.0,0.15,0.8873902068739933
10334,Restore delta_c only,18.0,0.15,0.38164053382702967
10349,Restore delta_c only,18.0,0.15,0.37885857708263737
10350,Restore delta_c only,18.0,0.15,0.6503695945279558
10358,Restore delta_c only,18.0,0.15,0.829870525259146
10361,Restore delta_c only,18.0,0.15,0.6509881091286336
10374,Restore delta_c only,18.0,0.15,0.6421208463783461
10380,Restore delta_c only,18.0,0.15,0.667491329856513
10383,Restore delta_c only,18.0,0.15,0.7381866478659522
10394,Restore delta_c only,18.0,0.15,0.13691842624457265
10395,Restore delta_c only,18.0,0.15,0.8325873693698723
10412,Restore delta_c only,18.0,0.15,0.6536296149904572
10413,Restore delta_c only,18.0,0.15,0.8062361238636955
10415,Restore delta_c only,18.0,0.15,0.8416391530748012
10423,Restore delta_c only,18.0,0.15,0.6574629576898914
10429,Restore delta_c only,18.0,0.15,0.3563232063225097
10430,Restore delta_c only,18.0,0.15,0.736871777929978
10431,Restore delta_c only,18.0,0.15,0.7357741015415611
10434,Restore delta_c only,18.0,0.15,0.8347992083288625
10447,Restore delta_c only,18.0,0.15,0.42643671641787456
10450,Restore delta_c only,18.0,0.15,0.8421564683886281
10457,Restore delta_c only,18.0,0.15,0.44943185961692167
10463,Restore delta_c only,18.0,0.15,0.8888903595435861
10464,Restore delta_c only,18.0,0.15,0.8687043960277162
10466,Restore delta_c only,18.0,0.15,0.7884899261889173
10474,Restore delta_c only,18.0,0.15,0.8193014880160256
10476,Restore delta_c only,18.0,0.15,0.6475095758348707
10478,Restore delta_c only,18.0,0.15,0.8481031767630495
10484,Restore delta_c only,18.0,0.15,0.8022344626496443
10485,Restore delta_c only,18.0,0.15,0.7257325445750281
10492,Restore delta_c only,18.0,0.15,0.8063691892035846
10493,Restore delta_c only,18.0,0.15,0.8772641844141645
10494,Restore delta_c only,18.0,0.15,0.8805652841407727
10495,Restore delta_c only,18.0,0.15,0.8673814301967979
10497,Restore delta_c only,18.0,0.15,0.7662666171496904
10498,Restore delta_c only,18.0,0.15,0.8663956216412615
10501,Restore delta_c only,18.0,0.15,0.8097766591700131
10502,Restore delta_c only,18.0,0.15,0.9003415100983182
10512,Restore delta_c only,18.0,0.15,0.9205522742682598
10513,Restore delta_c only,18.0,0.15,0.6221977516180115
10514,Restore delta_c only,18.0,0.15,0.13133574601069983
10518,Restore delta_c only,18.0,0.15,0.5446696853811612
10522,Restore delta_c only,18.0,0.15,0.057186590246929986
10524,Restore delta_c only,18.0,0.15,0.93364672146649
10533,Restore delta_c only,18.0,0.15,0.6936178686950963
10534,Restore delta_c only,18.0,0.15,0.781235831398549
10544,Restore delta_c only,18.0,0.15,0.09036955938333896
10550,Restore delta_c only,18.0,0.15,0.900125893741293
10557,Restore delta_c only,18.0,0.15,0.843030669851141
10560,Restore delta_c only,18.0,0.15,0.5776185792861726
10569,Restore delta_c only,18.0,0.15,0.3386867881970885
10575,Restore delta_c only,18.0,0.15,0.8862069632446677
10576,Restore delta_c only,18.0,0.15,0.5677462683367228
10584,Restore delta_c only,18.0,0.15,0.8812416585246206
10586,Restore delta_c only,18.0,0.15,0.9330317966454009
10593,Restore delta_c only,18.0,0.15,0.8967039819384479
10601,Restore delta_c only,18.0,0.15,0.8912092739581903
10604,Restore delta_c only,18.0,0.15,0.6403308217451407
10606,Restore delta_c only,18.0,0.15,0.7030129293680676
10611,Restore delta_c only,18.0,0.15,0.9173363015226093
10613,Restore delta_c only,18.0,0.15,0.7708722715373548
10615,Restore delta_c only,18.0,0.15,0.748718994000502
10616,Restore delta_c only,18.0,0.15,0.8373560903534749
10620,Restore delta_c only,18.0,0.15,0.8917387108664846
10621,Restore delta_c only,18.0,0.15,0.8903699676339977
10624,Restore delta_c only,18.0,0.15,0.9440206090988156
10629,Restore delta_c only,18.0,0.15,0.7670141132292894
10632,Restore delta_c only,18.0,0.15,0.6002407290773487
10635,Restore delta_c only,18.0,0.15,0.2336717324020181
10637,Restore delta_c only,18.0,0.15,0.5956705008202503
10649,Restore delta_c only,18.0,0.15,0.8659186851514609
10657,Restore delta_c only,18.0,0.15,0.714872760119005
10661,Restore delta_c only,18.0,0.15,0.8581371420588938
10663,Restore delta_c only,18.0,0.15,0.7432271458130552
10664,Restore delta_c only,18.0,0.15,0.85896384099583
10665,Restore delta_c only,18.0,0.15,0.3485187570018878
10673,Restore delta_c only,18.0,0.15,0.6351450804659772
10676,Restore delta_c only,18.0,0.15,0.8411688203103784
10681,Restore delta_c only,18.0,0.15,0.9152048772895255
10684,Restore delta_c only,18.0,0.15,0.861973091653785
10689,Restore delta_c only,18.0,0.15,0.7973230045783228
10690,Restore delta_c only,18.0,0.15,0.5136291559326547
10696,Restore delta_c only,18.0,0.15,0.9556245280293082
10700,Restore delta_c only,18.0,0.15,0.6115406616441639
10718,Restore delta_c only,18.0,0.15,0.8837983337306632
10721,Restore delta_c only,18.0,0.15,0.6205304558668618
10723,Restore delta_c only,18.0,0.15,0.1956657784118644
10728,Restore delta_c only,18.0,0.15,0.7607040559599539
10731,Restore delta_c only,18.0,0.15,0.7140030956320145
10752,Restore delta_c only,18.0,0.15,0.9104651909676584
10756,Restore delta_c only,18.0,0.15,0.9213130521962632
10760,Restore delta_c only,18.0,0.15,0.9384774888293075
10773,Restore delta_c only,18.0,0.15,0.8759131314812422
10787,Restore delta_c only,18.0,0.15,0.2789899485107384
10788,Restore delta_c only,18.0,0.15,0.9177296296701017
10790,Restore delta_c only,18.0,0.15,0.9291416677445271
10792,Restore delta_c only,18.0,0.15,0.8375451256566193
10805,Restore delta_c only,18.0,0.15,0.6685339049172984
10828,Restore delta_c only,18.0,0.15,0.9128811398004157
10838,Restore delta_c only,18.0,0.15,0.9114307879036795
10840,Restore delta_c only,18.0,0.15,0.7384172307521318
10850,Restore delta_c only,18.0,0.15,0.7112202104452485
10856,Restore delta_c only,18.0,0.15,0.8144258464691815
10859,Restore delta_c only,18.0,0.15,0.42510531117719647
10865,Restore delta_c only,18.0,0.15,0.28621853465048036
10867,Restore delta_c only,18.0,0.15,0.9012647236226737
10868,Restore delta_c only,18.0,0.15,0.9667546887103907
10877,Restore delta_c only,18.0,0.15,0.4583663227467392
10883,Restore delta_c only,18.0,0.15,0.8834523788724201
10885,Restore delta_c only,18.0,0.15,0.19430413548387243
10886,Restore delta_c only,18.0,0.15,0.882162430273522
10897,Restore delta_c only,18.0,0.15,0.8958722532254747
10915,Restore delta_c only,18.0,0.15,0.36345945328176277
10916,Restore delta_c only,18.0,0.15,0.916885012856562
10917,Restore delta_c only,18.0,0.15,0.820134403534913
10920,Restore delta_c only,18.0,0.15,0.9018114325570966
10923,Restore delta_c only,18.0,0.15,0.5404797513653335
10925,Restore delta_c only,18.0,0.15,0.9343239293322466
10929,Restore delta_c only,18.0,0.15,0.42366107931545194
10949,Restore delta_c only,18.0,0.15,0.9324287611750883
10951,Restore delta_c only,18.0,0.15,0.7932451005162747
10954,Restore delta_c only,18.0,0.15,0.9196336220685142
10963,Restore delta_c only,18.0,0.15,0.8666103578206404
10965,Restore delta_c only,18.0,0.15,0.8570433794775377
10966,Restore delta_c only,18.0,0.15,0.8592851775567897
10975,Restore delta_c only,18.0,0.15,0.8649980053522834
10978,Restore delta_c only,18.0,0.15,0.7493538252315988
10981,Restore delta_c only,18.0,0.15,0.1790355787332713
10985,Restore delta_c only,18.0,0.15,0.9188555385771638
10987,Restore delta_c only,18.0,0.15,0.8842245822656052
10995,Restore delta_c only,18.0,0.15,0.8551787496014518
10999,Restore delta_c only,18.0,0.15,0.214710499075273
11015,Restore delta_c only,18.0,0.15,0.9274909357188795
11017,Restore delta_c only,18.0,0.15,0.7020310734883951
11019,Restore delta_c only,18.0,0.15,0.42364165169755774
11028,Restore delta_c only,18.0,0.15,0.9099569459059432
11030,Restore delta_c only,18.0,0.15,0.9310797810590519
11032,Restore delta_c only,18.0,0.15,0.7143733476154316
11034,Restore delta_c only,18.0,0.15,0.6292671953279535
11038,Restore delta_c only,18.0,0.15,0.9460156365469945
11056,Restore delta_c only,18.0,0.15,0.7376849544348839
10001,Restore both,20.0,0.15,0.8897050841466241
10002,Restore both,20.0,0.15,0.9663073949875727
10011,Restore both,20.0,0.15,0.8392127004231843
10020,Restore both,20.0,0.15,0.9221118137606221
10022,Restore both,20.0,0.15,0.6669613226010671
10038,Restore both,20.0,0.15,0.9521867680082693
10043,Restore both,20.0,0.15,0.9415976925778974
10045,Restore both,20.0,0.15,0.8835946023122372
10048,Restore both,20.0,0.15,0.8979196921779915
10050,Restore both,20.0,0.15,0.9158034906514998
10054,Restore both,20.0,0.15,0.8963036340248891
10055,Restore both,20.0,0.15,0.33758187045442467
10058,Restore both,20.0,0.15,0.5722714454870039
10067,Restore both,20.0,0.15,0.9562069203667057
10069,Restore both,20.0,0.15,0.5034513586079766
10084,Restore both,20.0,0.15,0.8712290287642865
10088,Restore both,20.0,0.15,0.825819636988491
10090,Restore both,20.0,0.15,0.9498105422230154
10094,Restore both,20.0,0.15,0.9341534033486097
10108,Restore both,20.0,0.15,0.9569013449081512
10114,Restore both,20.0,0.15,0.7990518779511834
10122,Restore both,20.0,0.15,0.9738606730470057
10124,Restore both,20.0,0.15,0.9337642086324558
10129,Restore both,20.0,0.15,0.8627061341387565
10140,Restore both,20.0,0.15,0.7546760999583193
10146,Restore both,20.0,0.15,0.9112257143333404
10150,Restore both,20.0,0.15,0.5571143285621998
10158,Restore both,20.0,0.15,0.7214831743954224
10159,Restore both,20.0,0.15,0.9493431853341707
10169,Restore both,20.0,0.15,0.8030597993455605
10174,Restore both,20.0,0.15,0.9036996410673123
10175,Restore both,20.0,0.15,0.8470231706623074
10181,Restore both,20.0,0.15,0.9184615520189537
10192,Restore both,20.0,0.15,0.9463227639481987
10195,Restore both,20.0,0.15,0.9165738070088909
10196,Restore both,20.0,0.15,0.933944231951513
10200,Restore both,20.0,0.15,0.219590726475519
10202,Restore both,20.0,0.15,0.953766999445196
10208,Restore both,20.0,0.15,0.7826549579702622
10210,Restore both,20.0,0.15,0.35050486516599355
10211,Restore both,20.0,0.15,0.941426664831337
10223,Restore both,20.0,0.15,0.8841697936748063
10225,Restore both,20.0,0.15,0.6927901980730264
10228,Restore both,20.0,0.15,0.9803761646721516
10249,Restore both,20.0,0.15,0.8135792601626999
10256,Restore both,20.0,0.15,0.9092413366904298
10257,Restore both,20.0,0.15,0.7843803022114326
10263,Restore both,20.0,0.15,0.7743377195298429
10266,Restore both,20.0,0.15,0.7493851809383943
10270,Restore both,20.0,0.15,0.9471411583146876
10282,Restore both,20.0,0.15,0.9539391723011336
10284,Restore both,20.0,0.15,0.36128019099066483
10295,Restore both,20.0,0.15,0.35317214735382907
10302,Restore both,20.0,0.15,0.8308339723965628
10307,Restore both,20.0,0.15,0.9133341386272912
10315,Restore both,20.0,0.15,0.9266063601644191
10318,Restore both,20.0,0.15,0.7008970728554583
10321,Restore both,20.0,0.15,0.963689710722925
10326,Restore both,20.0,0.15,0.8998650024587295
10327,Restore both,20.0,0.15,0.8979535069862584
10334,Restore both,20.0,0.15,0.33309200956385276
10349,Restore both,20.0,0.15,0.378092906969213
10350,Restore both,20.0,0.15,0.6554522418294336
10358,Restore both,20.0,0.15,0.8730893967948483
10361,Restore both,20.0,0.15,0.6926933431267243
10374,Restore both,20.0,0.15,0.6180281717952213
10380,Restore both,20.0,0.15,0.6737213900822495
10383,Restore both,20.0,0.15,0.7663954695525557
10394,Restore both,20.0,0.15,0.1054968459268807
10395,Restore both,20.0,0.15,0.8910834261336599
10412,Restore both,20.0,0.15,0.7046292500604543
10413,Restore both,20.0,0.15,0.8617138029041754
10415,Restore both,20.0,0.15,0.8612849661495001
10423,Restore both,20.0,0.15,0.6435031407298341
10429,Restore both,20.0,0.15,0.2873082989240599
10430,Restore both,20.0,0.15,0.7756676504944552
10431,Restore both,20.0,0.15,0.7436877929411895
10434,Restore both,20.0,0.15,0.877666312163286
10447,Restore both,20.0,0.15,0.436563610980575
10450,Restore both,20.0,0.15,0.905940711251447
10457,Restore both,20.0,0.15,0.42218877261843246
10463,Restore both,20.0,0.15,0.9145808861140244
10464,Restore both,20.0,0.15,0.8907564824964226
10466,Restore both,20.0,0.15,0.8074591722912617
10474,Restore both,20.0,0.15,0.8507319668409421
10476,Restore both,20.0,0.15,0.7148750127855249
10478,Restore both,20.0,0.15,0.8675713707005934
10484,Restore both,20.0,0.15,0.8354487812070449
10485,Restore both,20.0,0.15,0.794527170963519
10492,Restore both,20.0,0.15,0.8132405206095592
10493,Restore both,20.0,0.15,0.8973072670172093
10494,Restore both,20.0,0.15,0.9063045593475159
10495,Restore both,20.0,0.15,0.8838155782730059
10497,Restore both,20.0,0.15,0.8156860773462096
10498,Restore both,20.0,0.15,0.9025799833353239
10501,Restore both,20.0,0.15,0.836135533160554
10502,Restore both,20.0,0.15,0.9211276448830362
10512,Restore both,20.0,0.15,0.9277388290394728
10513,Restore both,20.0,0.15,0.643821971356985
10514,Restore both,20.0,0.15,0.12195578068585741
10518,Restore both,20.0,0.15,0.5474997220119974
10522,Restore both,20.0,0.15,0.034583462701312705
10524,Restore both,20.0,0.15,0.9479262886636067
10533,Restore both,20.0,0.15,0.7944224716852796
10534,Restore both,20.0,0.15,0.8562561119241064
10544,Restore both,20.0,0.15,0.08277686648841373
10550,Restore both,20.0,0.15,0.9234297893040562
10557,Restore both,20.0,0.15,0.8642816608446108
10560,Restore both,20.0,0.15,0.5857696977479958
10569,Restore both,20.0,0.15,0.2571749663064214
10575,Restore both,20.0,0.15,0.9153552445886204
10576,Restore both,20.0,0.15,0.557388039315589
10584,Restore both,20.0,0.15,0.9247250491969488
10586,Restore both,20.0,0.15,0.9439105128807551
10593,Restore both,20.0,0.15,0.9124134318246155
10601,Restore both,20.0,0.15,0.9179314547786519
10604,Restore both,20.0,0.15,0.664900008454957
10606,Restore both,20.0,0.15,0.7250795421833065
10611,Restore both,20.0,0.15,0.9410834554525768
10613,Restore both,20.0,0.15,0.7903517323463263
10615,Restore both,20.0,0.15,0.762614919405538
10616,Restore both,20.0,0.15,0.8635049612066868
10620,Restore both,20.0,0.15,0.9194777952025279
10621,Restore both,20.0,0.15,0.9054880072922562
10624,Restore both,20.0,0.15,0.9603065583853732
10629,Restore both,20.0,0.15,0.8146453213245987
10632,Restore both,20.0,0.15,0.6140955502215326
10635,Restore both,20.0,0.15,0.20424900320919928
10637,Restore both,20.0,0.15,0.5846858241156913
10649,Restore both,20.0,0.15,0.914128776290319
10657,Restore both,20.0,0.15,0.7142527170464735
10661,Restore both,20.0,0.15,0.8863873513705244
10663,Restore both,20.0,0.15,0.8134917866391231
10664,Restore both,20.0,0.15,0.889804982214491
10665,Restore both,20.0,0.15,0.32373198884892546
10673,Restore both,20.0,0.15,0.702105020910606
10676,Restore both,20.0,0.15,0.8719193254388728
10681,Restore both,20.0,0.15,0.9271746841032418
10684,Restore both,20.0,0.15,0.9110774605073668
10689,Restore both,20.0,0.15,0.825158740755559
10690,Restore both,20.0,0.15,0.5108945538637923
10696,Restore both,20.0,0.15,0.967625918124204
10700,Restore both,20.0,0.15,0.6236737448485161
10718,Restore both,20.0,0.15,0.9101002104039668
10721,Restore both,20.0,0.15,0.6811083071612987
10723,Restore both,20.0,0.15,0.1824237885964539
10728,Restore both,20.0,0.15,0.7745500481893779
10731,Restore both,20.0,0.15,0.7372882323176116
10752,Restore both,20.0,0.15,0.9213492329865671
10756,Restore both,20.0,0.15,0.951263680189657
10760,Restore both,20.0,0.15,0.9570286852824929
10773,Restore both,20.0,0.15,0.9031459116355256
10787,Restore both,20.0,0.15,0.25136680054379207
10788,Restore both,20.0,0.15,0.9512191342885207
10790,Restore both,20.0,0.15,0.9518636457772834
10792,Restore both,20.0,0.15,0.8747157972302927
10805,Restore both,20.0,0.15,0.6972789815319149
10828,Restore both,20.0,0.15,0.9463980076254573
10838,Restore both,20.0,0.15,0.9319537746663451
10840,Restore both,20.0,0.15,0.7662831446307864
10850,Restore both,20.0,0.15,0.7317920409672578
10856,Restore both,20.0,0.15,0.8432248829872772
10859,Restore both,20.0,0.15,0.408447141926942
10865,Restore both,20.0,0.15,0.17460847246950081
10867,Restore both,20.0,0.15,0.9221709237265293
10868,Restore both,20.0,0.15,0.9776238209206461
10877,Restore both,20.0,0.15,0.43838959272146427
10883,Restore both,20.0,0.15,0.8957613270125248
10885,Restore both,20.0,0.15,0.15244704125165398
10886,Restore both,20.0,0.15,0.8983437197337036
10897,Restore both,20.0,0.15,0.8981756762625258
10915,Restore both,20.0,0.15,0.34467777683205386
10916,Restore both,20.0,0.15,0.9311092612672204
10917,Restore both,20.0,0.15,0.8508897016234396
10920,Restore both,20.0,0.15,0.9117979740372809
10923,Restore both,20.0,0.15,0.5448905979388534
10925,Restore both,20.0,0.15,0.9514827393965588
10929,Restore both,20.0,0.15,0.43380872940562837
10949,Restore both,20.0,0.15,0.9476713510176705
10951,Restore both,20.0,0.15,0.8406116637232249
10954,Restore both,20.0,0.15,0.9403540464921518
10963,Restore both,20.0,0.15,0.898558076231767
10965,Restore both,20.0,0.15,0.8926346492901027
10966,Restore both,20.0,0.15,0.8923440983552919
10975,Restore both,20.0,0.15,0.8954560498399223
10978,Restore both,20.0,0.15,0.7694953095795518
10981,Restore both,20.0,0.15,0.1795726408010915
10985,Restore both,20.0,0.15,0.9391056019633914
10987,Restore both,20.0,0.15,0.9121299155269088
10995,Restore both,20.0,0.15,0.8950581406438067
10999,Restore both,20.0,0.15,0.18020124287143147
11015,Restore both,20.0,0.15,0.9440301629830472
11017,Restore both,20.0,0.15,0.6512942141073261
11019,Restore both,20.0,0.15,0.3869485422259478
11028,Restore both,20.0,0.15,0.9315473831036545
11030,Restore both,20.0,0.15,0.9423318963737559
11032,Restore both,20.0,0.15,0.7447527928221548
11034,Restore both,20.0,0.15,0.6478075235731333
11038,Restore both,20.0,0.15,0.9590639605621256
11056,Restore both,20.0,0.15,0.7526449701641198
