outcome,p_value,conf_low,conf_high,std_estimate,model,term,estimate,std_error,statistic,Pr(>|t|),nobs,missingness_handling
Age 14 MFQ depressive symptoms,0.00687850584928111,0.0165137652352993,0.10195196772377751,,combined,(Intercept),0.059232866479538404,0.02179545981848934,2.7176699630484733,0.00687850584928111,8935,Complete-case analysis on a common comparison sample
Age 14 MFQ depressive symptoms,0.3441733692639586,-0.012813147439630315,0.036776893750780595,0.01198187315557514,combined,baseline_age_z,0.01198187315557514,0.012650520711839518,0.9471446613546431,0.3441733692639586,8935,Complete-case analysis on a common comparison sample
Age 14 MFQ depressive symptoms,1.9627386058826236e-60,0.21755781095185203,0.2652673975153186,0.24141260423358532,combined,sex_z,0.24141260423358532,0.01217081289884351,19.835372233560893,1.9627386058826236e-60,8935,Complete-case analysis on a common comparison sample
Age 14 MFQ depressive symptoms,0.41505088781205657,-0.03949528865833664,0.01627735635487011,-0.011608966151733267,combined,income_quintile_z,-0.011608966151733267,0.01422771556459356,-0.8159402750939727,0.41505088781205657,8935,Complete-case analysis on a common comparison sample
Age 14 MFQ depressive symptoms,0.05274751300683953,-0.13531670389780937,5.851668272503635e-4,-0.0673657685352795,combined,sampling_stratumEngland - Disadvantaged,-0.0673657685352795,0.034668844572719314,-1.9431212480697777,0.05274751300683953,8935,Complete-case analysis on a common comparison sample
Age 14 MFQ depressive symptoms,0.010668634290332768,-0.2087584262113987,-0.0279591311024035,-0.1183587786569011,combined,sampling_stratumEngland - Ethnic,-0.1183587786569011,0.04612226916045796,-2.566195913846618,0.010668634290332768,8935,Complete-case analysis on a common comparison sample
Age 14 MFQ depressive symptoms,0.9478798340836644,-0.1203039656963373,0.1286112744699426,0.004153654386802655,combined,sampling_stratumWales - Advantaged,0.004153654386802655,0.06349878575670406,0.06541313093320246,0.9478798340836644,8935,Complete-case analysis on a common comparison sample
Age 14 MFQ depressive symptoms,0.25760236331965475,-0.15122747546813636,0.04038556017098159,-0.05542095764857739,combined,sampling_stratumWales - Disadvantaged,-0.05542095764857739,0.048880876438550505,-1.133796316402972,0.25760236331965475,8935,Complete-case analysis on a common comparison sample
Age 14 MFQ depressive symptoms,0.4878132101205831,-0.14077350628366428,0.06711397804108435,-0.03682976412128996,combined,sampling_stratumScotland - Advantaged,-0.03682976412128996,0.053032521511415465,-0.6944750706104404,0.4878132101205831,8935,Complete-case analysis on a common comparison sample
Age 14 MFQ depressive symptoms,0.35806598029232073,-0.17143505026296207,0.06189210002915551,-0.054771475116903286,combined,sampling_stratumScotland - Disadvantaged,-0.054771475116903286,0.05952223221737694,-0.920185165718857,0.35806598029232073,8935,Complete-case analysis on a common comparison sample
Age 14 MFQ depressive symptoms,0.3190311336571057,-0.19313595854726,0.06283127183119237,-0.06515234335803381,combined,sampling_stratumNorthern Ireland - Advantaged,-0.06515234335803381,0.06529776285164601,-0.99777297893126,0.3190311336571057,8935,Complete-case analysis on a common comparison sample
Age 14 MFQ depressive symptoms,0.03207419056300073,-0.2871627774825032,-0.013374214426742914,-0.15026849595462305,combined,sampling_stratumNorthern Ireland - Disadvantaged,-0.15026849595462305,0.06984402118769395,-2.1514868903495974,0.03207419056300073,8935,Complete-case analysis on a common comparison sample
Age 14 MFQ depressive symptoms,1.835591164962603e-107,-0.6745131452639572,-0.5954629557920124,-0.6349880505279848,combined,field_index,-0.6349880505279848,0.02016586466121043,-31.48826302248279,1.835591164962603e-107,8935,Complete-case analysis on a common comparison sample
Age 14 MFQ depressive symptoms,0.3751642795242254,-0.03923893619146225,0.014771683076808047,-0.012233626557327102,combined,precision_index,-0.012233626557327102,0.013778219201089362,-0.8878960610787686,0.3751642795242254,8935,Complete-case analysis on a common comparison sample
Age 17 wellbeing,0.005662914507135922,-0.10266990738626273,-0.017810439170784342,,combined,(Intercept),-0.06024017327852354,0.02164782352435673,-2.7827357891542857,0.005662914507135922,8328,Complete-case analysis on a common comparison sample
Age 17 wellbeing,1.7750182870203452e-21,-0.16047719848240277,-0.10844324930471849,-0.13446022389356063,combined,baseline_distress_z,-0.13446022389356063,0.013273966626960279,-10.12961895056021,1.7750182870203452e-21,8328,Complete-case analysis on a common comparison sample
Age 17 wellbeing,0.7292629610211356,-0.022048779263833133,0.031514259997377905,0.004732740366772386,combined,baseline_age_z,0.004732740366772386,0.013664040627859959,0.3463646292973311,0.7292629610211356,8328,Complete-case analysis on a common comparison sample
Age 17 wellbeing,2.4854712759282715e-21,-0.16839311211178984,-0.11360222320793159,-0.14099766765986071,combined,sex_z,-0.14099766765986071,0.01397726757751486,-10.087641728107341,2.4854712759282715e-21,8328,Complete-case analysis on a common comparison sample
Age 17 wellbeing,0.28856417301669773,-0.015720712405230947,0.052964131738892736,0.018621709666830893,combined,income_quintile_z,0.018621709666830893,0.017521643914317264,1.0627832501272751,0.28856417301669773,8328,Complete-case analysis on a common comparison sample
Age 17 wellbeing,0.02988798025512448,0.007822761774173001,0.14728808198817567,0.07755542188117434,combined,sampling_stratumEngland - Disadvantaged,0.07755542188117434,0.035577887809694564,2.179877071286997,0.02988798025512448,8328,Complete-case analysis on a common comparison sample
Age 17 wellbeing,0.008535216545240955,0.038990680546890866,0.26241922324824507,0.15070495189756797,combined,sampling_stratumEngland - Ethnic,0.15070495189756797,0.05699707721973322,2.6440821047117082,0.008535216545240955,8328,Complete-case analysis on a common comparison sample
Age 17 wellbeing,0.7042267384099196,-0.12148395089300686,0.17990224400451954,0.029209146555756335,combined,sampling_stratumWales - Advantaged,0.029209146555756335,0.07688423339222612,0.37991074719761353,0.7042267384099196,8328,Complete-case analysis on a common comparison sample
Age 17 wellbeing,0.9574263826012879,-0.10807888552680539,0.11413525989011289,0.0030281871816537453,combined,sampling_stratumWales - Disadvantaged,0.0030281871816537453,0.056687281994111806,0.05341916343719368,0.9574263826012879,8328,Complete-case analysis on a common comparison sample
Age 17 wellbeing,0.5647814965835718,-0.14294824406556292,0.07798964119675575,-0.032479301434403585,combined,sampling_stratumScotland - Advantaged,-0.032479301434403585,0.05636170542406089,-0.5762654126597476,0.5647814965835718,8328,Complete-case analysis on a common comparison sample
Age 17 wellbeing,0.13913015641189921,-0.2714126573933023,0.03767495625630678,-0.11686885056849776,combined,sampling_stratumScotland - Disadvantaged,-0.11686885056849776,0.07884888103306353,-1.4821878134135016,0.13913015641189921,8328,Complete-case analysis on a common comparison sample
Age 17 wellbeing,1.6679025693741084e-5,0.1405024800898527,0.36980090722963865,0.25515169365974566,combined,sampling_stratumNorthern Ireland - Advantaged,0.25515169365974566,0.05849449671933315,4.36197775807882,1.6679025693741084e-5,8328,Complete-case analysis on a common comparison sample
Age 17 wellbeing,0.016959990780500065,0.026353969197271704,0.2620627160942002,0.14420834264573593,combined,sampling_stratumNorthern Ireland - Disadvantaged,0.14420834264573593,0.06012978237166542,2.398284792623669,0.016959990780500065,8328,Complete-case analysis on a common comparison sample
Age 17 wellbeing,1.858070930645275e-40,0.29627378943851196,0.3848658590321949,0.3405698242353534,combined,field_index,0.3405698242353534,0.02260001775349054,15.069449411505568,1.858070930645275e-40,8328,Complete-case analysis on a common comparison sample
Age 17 wellbeing,0.016119738552757626,-0.06837297850106927,-0.007140627834826302,-0.037756803167947786,combined,precision_index,-0.037756803167947786,0.015620497618939534,-2.4171319050789033,0.016119738552757626,8328,Complete-case analysis on a common comparison sample
Age 23 psychological distress,0.336200457035705,-0.029471649977156598,0.08639733989314706,,combined,(Intercept),0.02846284495799523,0.02955841578324073,0.9629354010959317,0.336200457035705,7449,Complete-case analysis on a common comparison sample
Age 23 psychological distress,1.4455813588871026e-18,0.1286140845088848,0.19754593812844748,0.16308001131866615,combined,baseline_distress_z,0.16308001131866615,0.017584656535602722,9.273994688977103,1.4455813588871026e-18,7449,Complete-case analysis on a common comparison sample
Age 23 psychological distress,0.5595709953528565,-0.0371009919197936,0.020067188605607935,-0.008516901657092835,combined,baseline_age_z,-0.008516901657092835,0.014583719521786108,-0.5840006484196116,0.5595709953528565,7449,Complete-case analysis on a common comparison sample
Age 23 psychological distress,4.300634309629778e-22,0.11835338702870415,0.17394666566126007,0.14615002634498211,combined,sex_z,0.14615002634498211,0.014181958834835692,10.305348368801367,4.300634309629778e-22,7449,Complete-case analysis on a common comparison sample
Age 23 psychological distress,1.19164704148466e-5,-0.12686557530141368,-0.04914483422021366,-0.08800520476081367,combined,income_quintile_z,-0.08800520476081367,0.019826719663571434,-4.438717359912531,1.19164704148466e-5,7449,Complete-case analysis on a common comparison sample
Age 23 psychological distress,0.8767994904506663,-0.07992439163661384,0.09366386312545318,0.00686973574441967,combined,sampling_stratumEngland - Disadvantaged,0.00686973574441967,0.04428271805154771,0.15513356105248305,0.8767994904506663,7449,Complete-case analysis on a common comparison sample
Age 23 psychological distress,0.015521424489500365,-0.3035383505794571,-0.0325644374740115,-0.1680513940267343,combined,sampling_stratumEngland - Ethnic,-0.1680513940267343,0.06912599824118511,-2.4310881333010492,0.015521424489500365,7449,Complete-case analysis on a common comparison sample
Age 23 psychological distress,0.240631849202645,-0.21835870268480506,0.054653111826332035,-0.08185279542923651,combined,sampling_stratumWales - Advantaged,-0.08185279542923651,0.06964587104875947,-1.1752713290344363,0.240631849202645,7449,Complete-case analysis on a common comparison sample
Age 23 psychological distress,0.3475702733571334,-0.06059599833594378,0.17239530161462313,0.05589965163933968,combined,sampling_stratumWales - Disadvantaged,0.05589965163933968,0.0594365561098385,0.9404927757933579,0.3475702733571334,7449,Complete-case analysis on a common comparison sample
Age 23 psychological distress,0.6261847299213743,-0.11213152343547533,0.18637939944580068,0.037123938005162664,combined,sampling_stratumScotland - Advantaged,0.037123938005162664,0.07615074563297858,0.487505902884888,0.6261847299213743,7449,Complete-case analysis on a common comparison sample
Age 23 psychological distress,0.04393611421065317,0.004872324382768495,0.3153465971882977,0.16010946078553312,combined,sampling_stratumScotland - Disadvantaged,0.16010946078553312,0.07920262061365542,2.0215172117414566,0.04393611421065317,7449,Complete-case analysis on a common comparison sample
Age 23 psychological distress,0.00200755706265184,-0.26047133057113614,-0.05911955647860684,-0.1597954435248715,combined,sampling_stratumNorthern Ireland - Advantaged,-0.1597954435248715,0.05136524849299217,-3.110964089790641,0.00200755706265184,7449,Complete-case analysis on a common comparison sample
Age 23 psychological distress,0.21282902768438935,-0.2645514845472061,0.058721228168326575,-0.10291512818943978,combined,sampling_stratumNorthern Ireland - Disadvantaged,-0.10291512818943978,0.08246752875396243,-1.247947279910396,0.21282902768438935,7449,Complete-case analysis on a common comparison sample
Age 23 psychological distress,1.105330777079289e-19,-0.25525225110869887,-0.1687516215153932,-0.21200193631204603,combined,field_index,-0.21200193631204603,0.02206648714114941,-9.60741666564165,1.105330777079289e-19,7449,Complete-case analysis on a common comparison sample
Age 23 psychological distress,0.5116565357637457,-0.03856259550610164,0.019202748413122427,-0.009679923546489604,combined,precision_index,-0.009679923546489604,0.014736057122251036,-0.6568869451430932,0.5116565357637457,7449,Complete-case analysis on a common comparison sample
Age 23 anxiety symptoms,0.006168623691113183,0.025434992414520907,0.15096351453083023,,combined,(Intercept),0.08819925347267557,0.03202258217252789,2.754282993091717,0.006168623691113183,5667,Complete-case analysis on a common comparison sample
Age 23 anxiety symptoms,1.101754227818763e-12,0.09675803042902612,0.16687263517330966,0.1318153328011679,combined,baseline_distress_z,0.1318153328011679,0.017886378761296826,7.369593060748246,1.101754227818763e-12,5667,Complete-case analysis on a common comparison sample
Age 23 anxiety symptoms,0.9940140531770472,-0.03078248361127743,0.03054757242246499,-1.1745559440622065e-4,combined,baseline_age_z,-1.1745559440622065e-4,0.015645422457587353,-0.007507345661302982,0.9940140531770472,5667,Complete-case analysis on a common comparison sample
Age 23 anxiety symptoms,1.1141641033691962e-26,0.164051488881624,0.23097436757576298,0.19751292822869349,combined,sex_z,0.19751292822869349,0.017072162932178312,11.569297283147002,1.1141641033691962e-26,5667,Complete-case analysis on a common comparison sample
Age 23 anxiety symptoms,0.00414679108493886,-0.10368250590559015,-0.019786120829938192,-0.06173431336776417,combined,income_quintile_z,-0.06173431336776417,0.021402139049911215,-2.8844926772878,0.00414679108493886,5667,Complete-case analysis on a common comparison sample
Age 23 anxiety symptoms,0.011369143025008632,-0.223064193510434,-0.02891012942778315,-0.12598716146910857,combined,sampling_stratumEngland - Disadvantaged,-0.12598716146910857,0.049529097980268076,-2.5436998977712184,0.011369143025008632,5667,Complete-case analysis on a common comparison sample
Age 23 anxiety symptoms,8.062797526831864e-6,-0.42536605609810607,-0.16830524895518628,-0.2968356525266462,combined,sampling_stratumEngland - Ethnic,-0.2968356525266462,0.06557673651605096,-4.5265389572107,8.062797526831864e-6,5667,Complete-case analysis on a common comparison sample
Age 23 anxiety symptoms,0.8447518809063194,-0.17106831501637262,0.13997154202806814,-0.015548386494152243,combined,sampling_stratumWales - Advantaged,-0.015548386494152243,0.0793469023072553,-0.19595454947874547,0.8447518809063194,5667,Complete-case analysis on a common comparison sample
Age 23 anxiety symptoms,0.44953564498597653,-0.17749097233042244,0.07858892251396116,-0.04945102490823064,combined,sampling_stratumWales - Disadvantaged,-0.04945102490823064,0.06532650378683255,-0.7569825727945687,0.44953564498597653,5667,Complete-case analysis on a common comparison sample
Age 23 anxiety symptoms,0.9807757904555146,-0.1298083681415047,0.13304201580801756,0.0016168238332564214,combined,sampling_stratumScotland - Advantaged,0.0016168238332564214,0.06705366937487812,0.02411238412945332,0.9807757904555146,5667,Complete-case analysis on a common comparison sample
Age 23 anxiety symptoms,0.27585260589073746,-0.05302277785083413,0.18623504900821253,0.0666061355786892,combined,sampling_stratumScotland - Disadvantaged,0.0666061355786892,0.061035159913022115,1.091274859828433,0.27585260589073746,5667,Complete-case analysis on a common comparison sample
Age 23 anxiety symptoms,0.08407247456878161,-0.26645085841925187,0.016444657282159242,-0.1250031005685463,combined,sampling_stratumNorthern Ireland - Advantaged,-0.1250031005685463,0.07216722339321711,-1.73213121817702,0.08407247456878161,5667,Complete-case analysis on a common comparison sample
Age 23 anxiety symptoms,0.3249474570374168,-0.26027457972098805,0.08609424748011406,-0.087090166120437,combined,sampling_stratumNorthern Ireland - Disadvantaged,-0.087090166120437,0.08835939469415871,-0.9856356126237065,0.3249474570374168,5667,Complete-case analysis on a common comparison sample
Age 23 anxiety symptoms,4.08828794604226e-9,-0.2185729056816162,-0.11124361643737646,-0.16490826105949632,combined,field_index,-0.16490826105949632,0.027379920725571362,-6.022963423173134,4.08828794604226e-9,5667,Complete-case analysis on a common comparison sample
Age 23 anxiety symptoms,0.2852545843929604,-0.06043370163288751,0.01774811422432287,-0.021342793704282322,combined,precision_index,-0.021342793704282322,0.01994434077990061,-1.0701177812701153,0.2852545843929604,5667,Complete-case analysis on a common comparison sample
Age 23 depressive symptoms,0.010655454780299499,0.021489575222064253,0.16034528802686165,,combined,(Intercept),0.09091743162446295,0.03542237571550954,2.5666666842070427,0.010655454780299499,5666,Complete-case analysis on a common comparison sample
Age 23 depressive symptoms,1.1757090529173257e-15,0.12944482400428242,0.20863472119806675,0.1690397726011746,combined,baseline_distress_z,0.1690397726011746,0.02020150438616948,8.367682394827188,1.1757090529173257e-15,5666,Complete-case analysis on a common comparison sample
Age 23 depressive symptoms,0.4247506059120715,-0.04496867190995078,0.018921203674973363,-0.013023734117488712,combined,baseline_age_z,-0.013023734117488712,0.016298437649215344,-0.7990786845827345,0.4247506059120715,5666,Complete-case analysis on a common comparison sample
Age 23 depressive symptoms,8.714908026626934e-8,0.0612263669812138,0.12981467757240106,0.09552052227680743,combined,sex_z,0.09552052227680743,0.017497018007955934,5.4592458116791125,8.714908026626934e-8,5666,Complete-case analysis on a common comparison sample
Age 23 depressive symptoms,1.047890350232225e-6,-0.16316482898265708,-0.07079561036272256,-0.11698021967268982,combined,income_quintile_z,-0.11698021967268982,0.023563576178554722,-4.964451014831689,1.047890350232225e-6,5666,Complete-case analysis on a common comparison sample
Age 23 depressive symptoms,0.20013597028453964,-0.17698458270332784,0.036918837104866986,-0.07003287279923043,combined,sampling_stratumEngland - Disadvantaged,-0.07003287279923043,0.05456719893066195,-1.2834243679654618,0.20013597028453964,5666,Complete-case analysis on a common comparison sample
Age 23 depressive symptoms,4.7668255840437425e-4,-0.3652120963630058,-0.1041811637449633,-0.23469663005398456,combined,sampling_stratumEngland - Ethnic,-0.23469663005398456,0.06658952362705166,-3.524527842674643,4.7668255840437425e-4,5666,Complete-case analysis on a common comparison sample
Age 23 depressive symptoms,0.25988979927651756,-0.2463890500406457,0.06634828106002055,-0.09002038449031258,combined,sampling_stratumWales - Advantaged,-0.09002038449031258,0.0797799314032312,-1.1283587602416343,0.25988979927651756,5666,Complete-case analysis on a common comparison sample
Age 23 depressive symptoms,0.086703573062486,-0.2404613489279264,0.0158526316819024,-0.112304358623012,combined,sampling_stratumWales - Disadvantaged,-0.112304358623012,0.06538621954332367,-1.7175539342598214,0.086703573062486,5666,Complete-case analysis on a common comparison sample
Age 23 depressive symptoms,0.4428210070609848,-0.21741760655717135,0.0949717995741129,-0.061222903491529215,combined,sampling_stratumScotland - Advantaged,-0.061222903491529215,0.07969117503349088,-0.7682519860674633,0.4428210070609848,5666,Complete-case analysis on a common comparison sample
Age 23 depressive symptoms,0.30352605653170933,-0.06972785682441907,0.22427849883123452,0.07727532100340773,combined,sampling_stratumScotland - Disadvantaged,0.07727532100340773,0.07500162134072795,1.0303153401491214,0.30352605653170933,5666,Complete-case analysis on a common comparison sample
Age 23 depressive symptoms,0.010800768819249787,-0.3163751391193994,-0.04211085960542607,-0.17924299936241275,combined,sampling_stratumNorthern Ireland - Advantaged,-0.17924299936241275,0.06996537742703403,-2.561881404117957,0.010800768819249787,5666,Complete-case analysis on a common comparison sample
Age 23 depressive symptoms,0.022256875246857075,-0.37224898724978406,-0.029346245623003864,-0.20079761643639396,combined,sampling_stratumNorthern Ireland - Disadvantaged,-0.20079761643639396,0.08747518919050515,-2.2954807905484267,0.022256875246857075,5666,Complete-case analysis on a common comparison sample
Age 23 depressive symptoms,1.0637615832967063e-10,-0.25925779603556526,-0.14116672960035365,-0.20021226281795945,combined,field_index,-0.20021226281795945,0.03012527204979889,-6.645990200088368,1.0637615832967063e-10,5666,Complete-case analysis on a common comparison sample
Age 23 depressive symptoms,0.33290702377520653,-0.06150830143237465,0.02079594442393379,-0.02035617850422043,combined,precision_index,-0.02035617850422043,0.02099598108579297,-0.9695273786465036,0.33290702377520653,5666,Complete-case analysis on a common comparison sample
Age 23 loneliness,0.027781158836193462,0.0064328910778227305,0.10772024216770992,,combined,(Intercept),0.05707656662276633,0.02583860997191,2.2089642858039245,0.027781158836193462,7130,Complete-case analysis on a common comparison sample
Age 23 loneliness,1.1913062843357338e-17,0.11716977502245715,0.18245872455742326,0.1498142497899402,combined,baseline_distress_z,0.1498142497899402,0.016655344269124014,8.994965662022889,1.1913062843357338e-17,7130,Complete-case analysis on a common comparison sample
Age 23 loneliness,0.5370888300992547,-0.04079691533245686,0.02124224016526139,-0.009777337583597731,combined,baseline_age_z,-0.009777337583597731,0.01582631517798935,-0.6177898944661288,0.5370888300992547,7130,Complete-case analysis on a common comparison sample
Age 23 loneliness,0.024241109075737968,0.004803419724321377,0.06705944210138243,0.0359314309128519,combined,sex_z,0.0359314309128519,0.015881638361495164,2.262451146096313,0.024241109075737968,7130,Complete-case analysis on a common comparison sample
Age 23 loneliness,0.038206086261971646,-0.07531358998093347,-0.0022366695895291305,-0.0387751297852313,combined,income_quintile_z,-0.0387751297852313,0.018642071528419474,-2.079979669969583,0.038206086261971646,7130,Complete-case analysis on a common comparison sample
Age 23 loneliness,0.36476395958244734,-0.12932781916823705,0.04747358248014689,-0.040927118344045076,combined,sampling_stratumEngland - Disadvantaged,-0.040927118344045076,0.045102398379689775,-0.9074266516717017,0.36476395958244734,7130,Complete-case analysis on a common comparison sample
Age 23 loneliness,0.057607494646611225,-0.21325249575890193,0.0030615330680551917,-0.10509548134542336,combined,sampling_stratumEngland - Ethnic,-0.10509548134542336,0.055182150210958444,-1.9045195039274274,0.057607494646611225,7130,Complete-case analysis on a common comparison sample
Age 23 loneliness,0.013406494369808163,-0.2687161614829041,-0.031714995299917156,-0.15021557839141064,combined,sampling_stratumWales - Advantaged,-0.15021557839141064,0.06045948116912933,-2.4845661174497615,0.013406494369808163,7130,Complete-case analysis on a common comparison sample
Age 23 loneliness,0.332630923640132,-0.1703725638285937,0.05755978341429863,-0.05640639020714753,combined,sampling_stratumWales - Disadvantaged,-0.05640639020714753,0.05814600694971743,-0.9700819224942779,0.332630923640132,7130,Complete-case analysis on a common comparison sample
Age 23 loneliness,0.9118682641265061,-0.10279014108122517,0.11510299790215023,0.006156428410462529,combined,sampling_stratumScotland - Advantaged,0.006156428410462529,0.05558498443453454,0.11075704118822395,0.9118682641265061,7130,Complete-case analysis on a common comparison sample
Age 23 loneliness,0.7082822532871136,-0.09358104952328337,0.1377818127063063,0.022100381591511453,combined,sampling_stratumScotland - Disadvantaged,0.022100381591511453,0.059021138323874914,0.3744485826457116,0.7082822532871136,7130,Complete-case analysis on a common comparison sample
Age 23 loneliness,6.655039055940014e-4,-0.3369669198101708,-0.09199906240164521,-0.21448299110590802,combined,sampling_stratumNorthern Ireland - Advantaged,-0.21448299110590802,0.062491800359317756,-3.4321781397345807,6.655039055940014e-4,7130,Complete-case analysis on a common comparison sample
Age 23 loneliness,0.05966331481013091,-0.2868466911919369,0.0052913419388989635,-0.14077767462651897,combined,sampling_stratumNorthern Ireland - Disadvantaged,-0.14077767462651897,0.07452500845174384,-1.888999109844782,0.05966331481013091,7130,Complete-case analysis on a common comparison sample
Age 23 loneliness,8.901890159657646e-11,-0.21515708701114497,-0.11748602949104162,-0.1663215582510933,combined,field_index,-0.1663215582510933,0.024916086102067178,-6.675268241158242,8.901890159657646e-11,7130,Complete-case analysis on a common comparison sample
Age 23 loneliness,0.006295794132356037,0.013027766530219469,0.07788032424176938,0.04545404538599442,combined,precision_index,0.04545404538599442,0.016544019824374978,2.747460766398812,0.006295794132356037,7130,Complete-case analysis on a common comparison sample
Age 23 wellbeing,0.049770406629160914,-0.10125891278187105,-2.1380993867204517e-4,,combined,(Intercept),-0.05073636136027154,0.025776811949795662,-1.9682946618491253,0.049770406629160914,7124,Complete-case analysis on a common comparison sample
Age 23 wellbeing,7.434427684309908e-15,-0.1713450004222582,-0.10462473351401382,-0.137984866968136,combined,baseline_distress_z,-0.137984866968136,0.017020476252103154,-8.106992126679518,7.434427684309908e-15,7124,Complete-case analysis on a common comparison sample
Age 23 wellbeing,0.9233925600368171,-0.028498721884331644,0.02583139307377885,-0.0013336644052763975,combined,baseline_age_z,-0.0013336644052763975,0.013859723203599615,-0.0962259047806973,0.9233925600368171,7124,Complete-case analysis on a common comparison sample
Age 23 wellbeing,1.8776621058302247e-9,-0.12166257526713903,-0.06292779743541169,-0.09229518635127536,combined,sex_z,-0.09229518635127536,0.014983361691767175,-6.159845050125719,1.8776621058302247e-9,7124,Complete-case analysis on a common comparison sample
Age 23 wellbeing,4.5156154467033814e-12,0.09526476921287996,0.16719097588579657,0.13122787254933826,combined,income_quintile_z,0.13122787254933826,0.01834852211043791,7.15195871141506,4.5156154467033814e-12,7124,Complete-case analysis on a common comparison sample
Age 23 wellbeing,0.7057205494537132,-0.09851081010654955,0.06666425687729313,-0.015923276614628216,combined,sampling_stratumEngland - Disadvantaged,-0.015923276614628216,0.04213649667955171,-0.37789749669330186,0.7057205494537132,7124,Complete-case analysis on a common comparison sample
Age 23 wellbeing,0.016526812400345158,0.027911555846197145,0.2721945877772388,0.15005307181171798,combined,sampling_stratumEngland - Ethnic,0.15005307181171798,0.06231709998240859,2.4078956153941093,0.016526812400345158,7124,Complete-case analysis on a common comparison sample
Age 23 wellbeing,0.017457545500354416,0.02364362275158534,0.24044140408420733,0.13204251341789633,combined,sampling_stratumWales - Advantaged,0.13204251341789633,0.055305556462403566,2.3875089930187783,0.017457545500354416,7124,Complete-case analysis on a common comparison sample
Age 23 wellbeing,0.398925222510915,-0.05612579816386245,0.1411079860038268,0.042491093919982174,combined,sampling_stratumWales - Disadvantaged,0.042491093919982174,0.0503147408591044,0.8445058683491848,0.398925222510915,7124,Complete-case analysis on a common comparison sample
Age 23 wellbeing,0.4383365214226598,-0.07414709022681401,0.17130530587411275,0.04857910782364936,combined,sampling_stratumScotland - Advantaged,0.04857910782364936,0.06261540716860377,0.7758331378863508,0.4383365214226598,7124,Complete-case analysis on a common comparison sample
Age 23 wellbeing,0.1780357051044925,-0.24450223650416097,0.045115391085677456,-0.09969342270924177,combined,sampling_stratumScotland - Disadvantaged,-0.09969342270924177,0.07388204785455063,-1.3493592233055751,0.1780357051044925,7124,Complete-case analysis on a common comparison sample
Age 23 wellbeing,7.79587662871369e-5,0.12412960495350304,0.3632671445556097,0.24369837475455638,combined,sampling_stratumNorthern Ireland - Advantaged,0.24369837475455638,0.06100447438829252,3.9947623055223795,7.79587662871369e-5,7124,Complete-case analysis on a common comparison sample
Age 23 wellbeing,0.10525501777560692,-0.027040516708726287,0.2882608430201937,0.13061016315573373,combined,sampling_stratumNorthern Ireland - Disadvantaged,0.13061016315573373,0.08043402033901022,1.6238174171232898,0.10525501777560692,7124,Complete-case analysis on a common comparison sample
Age 23 wellbeing,1.0623083295236153e-25,0.21736903672494476,0.3085467362743317,0.26295788649963825,combined,field_index,0.26295788649963825,0.02325961723198647,11.305340233115286,1.0623083295236153e-25,7124,Complete-case analysis on a common comparison sample
Age 23 wellbeing,0.2578309902837277,-0.012834157519901801,0.04801885724403732,0.01759234986206776,combined,precision_index,0.01759234986206776,0.01552372825610692,1.1332554636253094,0.2578309902837277,7124,Complete-case analysis on a common comparison sample
