outcome,nobs,missingness_handling,p_value,conf_low,conf_high,std_estimate,model,term,estimate,std_error,statistic,Pr(>|t|)
Age 17 psychological distress,8264,Complete-case analysis,0.2739908459348395,-0.01926598289803327,0.06809753033898959,,mcs_family_conflict,(Intercept),0.02441577372047816,0.02228661051964869,1.095535532375025,0.2739908459348395
Age 17 psychological distress,8264,Complete-case analysis,2.283535943395094e-21,0.1217657511030292,0.18038051352936915,0.15107313231619918,mcs_family_conflict,baseline_distress_z,0.15107313231619918,0.01495274551692346,10.103370792020447,2.283535943395094e-21
Age 17 psychological distress,8264,Complete-case analysis,0.575175685003855,-0.030759484612727574,0.017070748090441172,-0.0068443682611432,mcs_family_conflict,baseline_age_z,-0.0068443682611432,0.01220158997529815,-0.5609406868284766,0.575175685003855
Age 17 psychological distress,8264,Complete-case analysis,3.342883431078343e-44,0.17940415907799764,0.22950635472084094,0.2044552568994193,mcs_family_conflict,sex_z,0.2044552568994193,0.012781172357868185,15.996596491679037,3.342883431078343e-44
Age 17 psychological distress,8264,Complete-case analysis,0.5527116664664926,-0.04640345962642688,0.02481202509657761,-0.010795717264924636,mcs_family_conflict,income_quintile_z,-0.010795717264924636,0.01816721549056237,-0.5942417136260023,0.5527116664664926
Age 17 psychological distress,8264,Complete-case analysis,0.15050244298185161,-0.125387083651425,0.01914586581295024,-0.05312060891923739,mcs_family_conflict,sampling_stratumEngland - Disadvantaged,-0.05312060891923739,0.036870650373565114,-1.4407288285135023,0.15050244298185161
Age 17 psychological distress,8264,Complete-case analysis,0.0012103221997400884,-0.23375840078684407,-0.058268469728239194,-0.14601343525754162,mcs_family_conflict,sampling_stratumEngland - Ethnic,-0.14601343525754162,0.04476783955576655,-3.2615698391175463,0.0012103221997400884
Age 17 psychological distress,8264,Complete-case analysis,0.7289499841660839,-0.13792336512853687,0.09645474999170682,-0.020734307568415027,mcs_family_conflict,sampling_stratumWales - Advantaged,-0.020734307568415027,0.05979033548985809,-0.34678359635449907,0.7289499841660839
Age 17 psychological distress,8264,Complete-case analysis,0.6270071844183126,-0.07846876055069592,0.13026263516553216,0.025896937307418117,mcs_family_conflict,sampling_stratumWales - Disadvantaged,0.025896937307418117,0.053247805029650014,0.4863475084653331,0.6270071844183126
Age 17 psychological distress,8264,Complete-case analysis,0.050500969349272506,1.09952161177998e-4,0.20958866103582513,0.10484930659850156,mcs_family_conflict,sampling_stratumScotland - Advantaged,0.10484930659850156,0.05343844614149161,1.9620575478726847,0.050500969349272506
Age 17 psychological distress,8264,Complete-case analysis,0.4028460484509856,-0.0789303219643933,0.19671196220935555,0.05889082012248113,mcs_family_conflict,sampling_stratumScotland - Disadvantaged,0.05889082012248113,0.07031690922799716,0.8375058114618233,0.4028460484509856
Age 17 psychological distress,8264,Complete-case analysis,0.09595974059437336,-0.2046611153720106,0.01641155704996071,-0.09412477916102494,mcs_family_conflict,sampling_stratumNorthern Ireland - Advantaged,-0.09412477916102494,0.05639608990356411,-1.6689947711264368,0.09595974059437336
Age 17 psychological distress,8264,Complete-case analysis,0.1366960468001871,-0.19861899636544675,0.02696471883565546,-0.08582713876489564,mcs_family_conflict,sampling_stratumNorthern Ireland - Disadvantaged,-0.08582713876489564,0.057546866122730155,-1.4914302819175622,0.1366960468001871
Age 17 psychological distress,8264,Complete-case analysis,7.097383391885497e-25,-0.3149288840082046,-0.22031079896483305,-0.26761984148651885,mcs_family_conflict,field_index,-0.26761984148651885,0.024137266592696834,-11.08741292054553,7.097383391885497e-25
Age 17 psychological distress,8264,Complete-case analysis,9.484603977898036e-10,-0.15644551841252768,-0.08201461910850373,-0.1192300687605157,mcs_family_conflict,family_conflict,-0.1192300687605157,0.018987474312251007,-6.279406455001055,9.484603977898036e-10
Age 17 psychological distress,8264,Complete-case analysis,0.11978272391814831,-0.005576569947726283,0.04897429970996072,0.02169886488111722,mcs_family_conflict,precision_index,0.02169886488111722,0.013916038177981378,1.559270289689935,0.11978272391814831
Age 17 psychological distress,8264,Complete-case analysis,0.6878677588072639,-0.038753121011935,0.058755534280308074,0.010001206634186537,mcs_family_conflict,field_index:family_conflict,0.010001206634186537,0.024874656962306906,0.4020641028071895,0.6878677588072639
Age 17 psychological distress,8264,Complete-case analysis,0.8253816997672555,-0.04359918852398062,0.03477116548638812,-0.00441401151879625,mcs_family_conflict,family_conflict:precision_index,-0.00441401151879625,0.019992437247543047,-0.22078406270044468,0.8253816997672555
Age 17 psychological distress,8314,Complete-case analysis,0.10354790790744613,-0.007091947170785123,0.07763821705206828,,mcs_sleep_risk,(Intercept),0.035273134940641576,0.0216148378119524,1.6318944998577098,0.10354790790744613
Age 17 psychological distress,8314,Complete-case analysis,2.082255108490321e-24,0.12688601386663453,0.18215859503965517,0.15452230445314485,mcs_sleep_risk,baseline_distress_z,0.15452230445314485,0.01410014825842363,10.958913454036274,2.082255108490321e-24
Age 17 psychological distress,8314,Complete-case analysis,0.7401066706092616,-0.028740368364397223,0.020415053415920724,-0.004162657474238251,mcs_sleep_risk,baseline_age_z,-0.004162657474238251,0.012539648413346415,-0.3319596640211842,0.7401066706092616
Age 17 psychological distress,8314,Complete-case analysis,1.6924583691946338e-43,0.1782278870580686,0.22861414003313815,0.20342101354560338,mcs_sleep_risk,sex_z,0.20342101354560338,0.012853635963027943,15.825951048459856,1.6924583691946338e-43
Age 17 psychological distress,8314,Complete-case analysis,0.8607862680817421,-0.0313881456854137,0.03756180053627766,0.0030868274254319842,mcs_sleep_risk,income_quintile_z,0.0030868274254319842,0.01758927199532943,0.1754948940610871,0.8607862680817421
Age 17 psychological distress,8314,Complete-case analysis,0.09281142208038191,-0.13358365614279338,0.010075101026151521,-0.061754277558320934,mcs_sleep_risk,sampling_stratumEngland - Disadvantaged,-0.061754277558320934,0.036647642134934925,-1.6850818759620205,0.09281142208038191
Age 17 psychological distress,8314,Complete-case analysis,0.0013257753920990526,-0.23464444546543642,-0.057585117945153724,-0.14611478170529507,mcs_sleep_risk,sampling_stratumEngland - Ethnic,-0.14611478170529507,0.04516819579599048,-3.2349040985663073,0.0013257753920990526
Age 17 psychological distress,8314,Complete-case analysis,0.760799777299835,-0.14072398476641143,0.10286198127938301,-0.018931001743514215,mcs_sleep_risk,sampling_stratumWales - Advantaged,-0.018931001743514215,0.06213927705249858,-0.30465436100134047,0.760799777299835
Age 17 psychological distress,8314,Complete-case analysis,0.6592099381697245,-0.08146187882137204,0.12881194423993855,0.02367503270928325,mcs_sleep_risk,sampling_stratumWales - Disadvantaged,0.02367503270928325,0.05364128139319148,0.441358448090471,0.6592099381697245
Age 17 psychological distress,8314,Complete-case analysis,0.09027936000648011,-0.014399108187819545,0.2013197693239589,0.09346033056806967,mcs_sleep_risk,sampling_stratumScotland - Advantaged,0.09346033056806967,0.05503032589586185,1.698342305748505,0.09027936000648011
Age 17 psychological distress,8314,Complete-case analysis,0.14014408911516363,-0.036626951410028905,0.26150600707679617,0.11243952783338364,mcs_sleep_risk,sampling_stratumScotland - Disadvantaged,0.11243952783338364,0.07605432614459824,1.478410677383533,0.14014408911516363
Age 17 psychological distress,8314,Complete-case analysis,0.10172237046540018,-0.1980134007111949,0.017564304336553455,-0.09022454818732072,mcs_sleep_risk,sampling_stratumNorthern Ireland - Advantaged,-0.09022454818732072,0.0549943125121807,-1.6406159849227475,0.10172237046540018
Age 17 psychological distress,8314,Complete-case analysis,0.2678704467024997,-0.185167529524858,0.051295515582176085,-0.06693600697134094,mcs_sleep_risk,sampling_stratumNorthern Ireland - Disadvantaged,-0.06693600697134094,0.060322205384447464,-1.109641243133307,0.2678704467024997
Age 17 psychological distress,8314,Complete-case analysis,4.685204774088501e-31,-0.3285664545819097,-0.24087722013492122,-0.28472183735841544,mcs_sleep_risk,field_index,-0.28472183735841544,0.022369702665048074,-12.728011705014032,4.685204774088501e-31
Age 17 psychological distress,8314,Complete-case analysis,3.0596780462462007e-15,0.08779838874989336,0.14263692362975988,0.11521765618982663,mcs_sleep_risk,sleep_risk,0.11521765618982663,0.013989422163231258,8.236055417117658,3.0596780462462007e-15
Age 17 psychological distress,8314,Complete-case analysis,0.2538675551072112,-0.01182568799994153,0.04489873415884359,0.01653652307945103,mcs_sleep_risk,precision_index,0.01653652307945103,0.01447051585683294,1.1427735709672386,0.2538675551072112
Age 17 psychological distress,8314,Complete-case analysis,0.03615539520588839,0.002902394152383213,0.0825807857690275,0.04274158996070536,mcs_sleep_risk,field_index:sleep_risk,0.04274158996070536,0.020326120310368442,2.102791349655777,0.03615539520588839
Age 17 psychological distress,8314,Complete-case analysis,0.002811338725526899,0.016516452297249268,0.07831324288891965,0.04741484759308446,mcs_sleep_risk,sleep_risk:precision_index,0.04741484759308446,0.015764487395834283,3.0076999272182925,0.002811338725526899
Age 17 psychological distress,7248,Complete-case analysis,0.18351276635720548,-0.015992306042358524,0.08391124395843727,,mcs_peer_school_trouble,(Intercept),0.03395946895803938,0.025485599489998928,1.3324963758990942,0.18351276635720548
Age 17 psychological distress,7248,Complete-case analysis,1.2245488371343468e-22,0.13249632899914426,0.19356163187941128,0.16302898043927777,mcs_peer_school_trouble,baseline_distress_z,0.16302898043927777,0.015577883387823217,10.465412815114076,1.2245488371343468e-22
Age 17 psychological distress,7248,Complete-case analysis,0.13591804781879674,-0.04638837270764182,0.006252392777985203,-0.020067989964828305,mcs_peer_school_trouble,baseline_age_z,-0.020067989964828305,0.013428766705517096,-1.4944030531548025,0.13591804781879674
Age 17 psychological distress,7248,Complete-case analysis,1.1986417012983225e-39,0.17947561189485026,0.23390237222487983,0.20668899205986505,mcs_peer_school_trouble,sex_z,0.20668899205986505,0.013884377635211628,14.8864426977043,1.1986417012983225e-39
Age 17 psychological distress,7248,Complete-case analysis,0.3641162651399512,-0.019075516936149044,0.05204919034866408,0.01648683670625752,mcs_peer_school_trouble,income_quintile_z,0.01648683670625752,0.018144057980819677,0.9086631404995493,0.3641162651399512
Age 17 psychological distress,7248,Complete-case analysis,0.22946529597415632,-0.12917604534935934,0.03087950795695374,-0.0491482686962028,mcs_peer_school_trouble,sampling_stratumEngland - Disadvantaged,-0.0491482686962028,0.040830498292426805,-1.2037146435050674,0.22946529597415632
Age 17 psychological distress,7248,Complete-case analysis,0.0077323610408049715,-0.23734460081948838,-0.03674725993931731,-0.13704593037940285,mcs_peer_school_trouble,sampling_stratumEngland - Ethnic,-0.13704593037940285,0.05117279104085997,-2.6781015377874486,0.0077323610408049715
Age 17 psychological distress,7248,Complete-case analysis,0.7079731139577925,-0.16425273499862186,0.11151062229643253,-0.026371056351094668,mcs_peer_school_trouble,sampling_stratumWales - Advantaged,-0.026371056351094668,0.0703477952283302,-0.37486684928079467,0.7079731139577925
Age 17 psychological distress,7248,Complete-case analysis,0.33774959462146936,-0.05590278630095898,0.1632052566615927,0.05365123518031686,mcs_peer_school_trouble,sampling_stratumWales - Disadvantaged,0.05365123518031686,0.055894908919018285,0.959859067988605,0.33774959462146936
Age 17 psychological distress,7248,Complete-case analysis,0.06209698523964645,-0.004639413971911935,0.2002485663841746,0.09780457620613132,mcs_peer_school_trouble,sampling_stratumScotland - Advantaged,0.09780457620613132,0.05226734192757309,1.8712368488464408,0.06209698523964645
Age 17 psychological distress,7248,Complete-case analysis,0.05612553883389586,-0.002930454322213505,0.25841268211561175,0.12774111389669912,mcs_peer_school_trouble,sampling_stratumScotland - Disadvantaged,0.12774111389669912,0.06666916745862889,1.9160448340076848,0.05612553883389586
Age 17 psychological distress,7248,Complete-case analysis,0.22045335229675658,-0.19972757629904714,0.045906896537151534,-0.0769103398809478,mcs_peer_school_trouble,sampling_stratumNorthern Ireland - Advantaged,-0.0769103398809478,0.0626618553153568,-1.2273868926140632,0.22045335229675658
Age 17 psychological distress,7248,Complete-case analysis,0.17800529760267364,-0.2307735190921384,0.042572656829321945,-0.09410043113140822,mcs_peer_school_trouble,sampling_stratumNorthern Ireland - Disadvantaged,-0.09410043113140822,0.06973116732690314,-1.3494744852077518,0.17800529760267364
Age 17 psychological distress,7248,Complete-case analysis,7.561413035144767e-30,-0.35169123697235716,-0.255784740440994,-0.30373798870667557,mcs_peer_school_trouble,field_index,-0.30373798870667557,0.024465942992694684,-12.41472641366691,7.561413035144767e-30
Age 17 psychological distress,7248,Complete-case analysis,0.4876415038103984,-0.04260448855600789,0.020305079461844844,-0.011149704547081522,mcs_peer_school_trouble,peer_school_trouble,-0.011149704547081522,0.016048359188227737,-0.6947566674143473,0.4876415038103984
Age 17 psychological distress,7248,Complete-case analysis,0.15195988861216098,-0.008132120383805012,0.05265579957299599,0.02226183959459549,mcs_peer_school_trouble,precision_index,0.02226183959459549,0.01550712243795944,1.435588045664834,0.15195988861216098
Age 17 psychological distress,7248,Complete-case analysis,0.011917238071224629,-0.10915602074901123,-0.013793905495053015,-0.06147496312203212,mcs_peer_school_trouble,field_index:peer_school_trouble,-0.06147496312203212,0.024327070217846483,-2.5270187725661155,0.011917238071224629
Age 17 psychological distress,7248,Complete-case analysis,0.2709726996037799,-0.05074447618771722,0.014209215409479704,-0.018267630389118758,mcs_peer_school_trouble,peer_school_trouble:precision_index,-0.018267630389118758,0.016569819284999215,-1.1024640688541838,0.2709726996037799
