seed,condition,gamma_restored,delta_c_restored,post_verification_adverse_trials,late_p_engaged
130000,Control,5.0,-0.15,200,0.3583023258758946
130000,Restore gamma only,16.0,-0.15,200,0.12596731785606607
130000,Restore delta_c only,5.0,0.15,200,0.6169178767920365
130000,Restore both,16.0,0.15,200,0.8426362255434354
130001,Control,5.0,-0.15,200,0.3625579675868586
130001,Restore gamma only,16.0,-0.15,200,0.14970676042223185
130001,Restore delta_c only,5.0,0.15,200,0.6136313081331175
130001,Restore both,16.0,0.15,200,0.7862649074397393
130002,Control,5.0,-0.15,200,0.3618698156144039
130002,Restore gamma only,16.0,-0.15,200,0.14804126789931635
130002,Restore delta_c only,5.0,0.15,200,0.6263815249412922
130002,Restore both,16.0,0.15,200,0.809096324807798
130003,Control,5.0,-0.15,200,0.4113080964167597
130003,Restore gamma only,16.0,-0.15,200,0.30225948553443005
130003,Restore delta_c only,5.0,0.15,200,0.6497174038080555
130003,Restore both,16.0,0.15,200,0.8349355437868979
130004,Control,5.0,-0.15,200,0.38183040603933216
130004,Restore gamma only,16.0,-0.15,200,0.17539397599587428
130004,Restore delta_c only,5.0,0.15,200,0.6628071273177791
130004,Restore both,16.0,0.15,200,0.8652907274756378
130005,Control,5.0,-0.15,200,0.3145898154609
130005,Restore gamma only,16.0,-0.15,200,0.10943540607489241
130005,Restore delta_c only,5.0,0.15,200,0.5788837712561811
130005,Restore both,16.0,0.15,200,0.7108009808063561
130006,Control,5.0,-0.15,200,0.3892468316483675
130006,Restore gamma only,16.0,-0.15,200,0.1839237029305304
130006,Restore delta_c only,5.0,0.15,200,0.6756263739867953
130006,Restore both,16.0,0.15,200,0.9102426327009431
130007,Control,5.0,-0.15,200,0.3748762217418388
130007,Restore gamma only,16.0,-0.15,200,0.13536976020970928
130007,Restore delta_c only,5.0,0.15,200,0.6216910538472695
130007,Restore both,16.0,0.15,200,0.8433000891158557
130008,Control,5.0,-0.15,200,0.4425964940212914
130008,Restore gamma only,16.0,-0.15,200,0.37378513296458843
130008,Restore delta_c only,5.0,0.15,200,0.6816503497733026
130008,Restore both,16.0,0.15,200,0.9021871829920043
130009,Control,5.0,-0.15,200,0.4225928966072836
130009,Restore gamma only,16.0,-0.15,200,0.24874036664408872
130009,Restore delta_c only,5.0,0.15,200,0.6713716151884956
130009,Restore both,16.0,0.15,200,0.8989376957084866
130010,Control,5.0,-0.15,200,0.4272205375385411
130010,Restore gamma only,16.0,-0.15,200,0.2634376925547744
130010,Restore delta_c only,5.0,0.15,200,0.6516628252627007
130010,Restore both,16.0,0.15,200,0.8828449488063157
130011,Control,5.0,-0.15,200,0.4364873919220188
130011,Restore gamma only,16.0,-0.15,200,0.23377891825101785
130011,Restore delta_c only,5.0,0.15,200,0.6802081130874005
130011,Restore both,16.0,0.15,200,0.929138997113962
130012,Control,5.0,-0.15,200,0.3804493139777202
130012,Restore gamma only,16.0,-0.15,200,0.21055031757485632
130012,Restore delta_c only,5.0,0.15,200,0.6494456060549167
130012,Restore both,16.0,0.15,200,0.8358054054475857
130013,Control,5.0,-0.15,200,0.31361473251496724
130013,Restore gamma only,16.0,-0.15,200,0.08686883749112222
130013,Restore delta_c only,5.0,0.15,200,0.5822634498068642
130013,Restore both,16.0,0.15,200,0.7550401629102892
130014,Control,5.0,-0.15,200,0.4157028377940445
130014,Restore gamma only,16.0,-0.15,200,0.2704769089402713
130014,Restore delta_c only,5.0,0.15,200,0.6906477630575651
130014,Restore both,16.0,0.15,200,0.9302327142541397
130015,Control,5.0,-0.15,200,0.39316034947956163
130015,Restore gamma only,16.0,-0.15,200,0.18680166609565613
130015,Restore delta_c only,5.0,0.15,200,0.6442914832436868
130015,Restore both,16.0,0.15,200,0.8763670788153844
130016,Control,5.0,-0.15,200,0.45034285546190317
130016,Restore gamma only,16.0,-0.15,200,0.35245793941955844
130016,Restore delta_c only,5.0,0.15,200,0.687929914897387
130016,Restore both,16.0,0.15,200,0.9216584130608579
130017,Control,5.0,-0.15,200,0.34210994049559035
130017,Restore gamma only,16.0,-0.15,200,0.10442581908825757
130017,Restore delta_c only,5.0,0.15,200,0.614534588670178
130017,Restore both,16.0,0.15,200,0.8154199242828695
130018,Control,5.0,-0.15,200,0.4030915751647335
130018,Restore gamma only,16.0,-0.15,200,0.23739271858982133
130018,Restore delta_c only,5.0,0.15,200,0.653349799527946
130018,Restore both,16.0,0.15,200,0.8439061871507996
130019,Control,5.0,-0.15,200,0.4001339456310559
130019,Restore gamma only,16.0,-0.15,200,0.22269060658820244
130019,Restore delta_c only,5.0,0.15,200,0.6515344051525475
130019,Restore both,16.0,0.15,200,0.8654127817935208
130020,Control,5.0,-0.15,200,0.31721653544794093
130020,Restore gamma only,16.0,-0.15,200,0.08837793643709402
130020,Restore delta_c only,5.0,0.15,200,0.6053164663004905
130020,Restore both,16.0,0.15,200,0.8090634678411529
130021,Control,5.0,-0.15,200,0.4210768919731839
130021,Restore gamma only,16.0,-0.15,200,0.2425788429744213
130021,Restore delta_c only,5.0,0.15,200,0.6573181864075534
130021,Restore both,16.0,0.15,200,0.9154010977334245
130022,Control,5.0,-0.15,200,0.3520907784951502
130022,Restore gamma only,16.0,-0.15,200,0.11437756937888263
130022,Restore delta_c only,5.0,0.15,200,0.6044313582518361
130022,Restore both,16.0,0.15,200,0.8131041323238776
130023,Control,5.0,-0.15,200,0.36762862234104515
130023,Restore gamma only,16.0,-0.15,200,0.1469914541111517
130023,Restore delta_c only,5.0,0.15,200,0.6284798359296296
130023,Restore both,16.0,0.15,200,0.8482910182394278
130024,Control,5.0,-0.15,200,0.37726864635466845
130024,Restore gamma only,16.0,-0.15,200,0.17807683300376884
130024,Restore delta_c only,5.0,0.15,200,0.648841261331064
130024,Restore both,16.0,0.15,200,0.9168710936078313
130025,Control,5.0,-0.15,200,0.3474404831149933
130025,Restore gamma only,16.0,-0.15,200,0.07416325468582748
130025,Restore delta_c only,5.0,0.15,200,0.5714863474410049
130025,Restore both,16.0,0.15,200,0.7043541707145503
130026,Control,5.0,-0.15,200,0.4020162135223015
130026,Restore gamma only,16.0,-0.15,200,0.2270523764820732
130026,Restore delta_c only,5.0,0.15,200,0.6567562100206952
130026,Restore both,16.0,0.15,200,0.9291606859586511
130027,Control,5.0,-0.15,200,0.3905352807937432
130027,Restore gamma only,16.0,-0.15,200,0.18410624765700878
130027,Restore delta_c only,5.0,0.15,200,0.6393744033150572
130027,Restore both,16.0,0.15,200,0.868873323307333
130028,Control,5.0,-0.15,200,0.3159801053790018
130028,Restore gamma only,16.0,-0.15,200,0.07784833527694691
130028,Restore delta_c only,5.0,0.15,200,0.5853680381554435
130028,Restore both,16.0,0.15,200,0.7494127027711717
130029,Control,5.0,-0.15,200,0.3391108196874256
130029,Restore gamma only,16.0,-0.15,200,0.10484058190788235
130029,Restore delta_c only,5.0,0.15,200,0.599327487884739
130029,Restore both,16.0,0.15,200,0.8246817234981916
130030,Control,5.0,-0.15,200,0.33480430818034507
130030,Restore gamma only,16.0,-0.15,200,0.13810005091976496
130030,Restore delta_c only,5.0,0.15,200,0.6023012414768251
130030,Restore both,16.0,0.15,200,0.8487886972101056
130031,Control,5.0,-0.15,200,0.43597962652872796
130031,Restore gamma only,16.0,-0.15,200,0.29668943185381447
130031,Restore delta_c only,5.0,0.15,200,0.6996337014611982
130031,Restore both,16.0,0.15,200,0.9193919764996984
130032,Control,5.0,-0.15,200,0.3802169701637328
130032,Restore gamma only,16.0,-0.15,200,0.2622140587996135
130032,Restore delta_c only,5.0,0.15,200,0.6379180594719194
130032,Restore both,16.0,0.15,200,0.865630560585542
130033,Control,5.0,-0.15,200,0.40252354115181677
130033,Restore gamma only,16.0,-0.15,200,0.2232793553320521
130033,Restore delta_c only,5.0,0.15,200,0.6374499035538619
130033,Restore both,16.0,0.15,200,0.8846326990333483
130034,Control,5.0,-0.15,200,0.43597434224157816
130034,Restore gamma only,16.0,-0.15,200,0.32216410430179904
130034,Restore delta_c only,5.0,0.15,200,0.707236483349756
130034,Restore both,16.0,0.15,200,0.9328110777982179
130035,Control,5.0,-0.15,200,0.3485835590793444
130035,Restore gamma only,16.0,-0.15,200,0.1392098670041143
130035,Restore delta_c only,5.0,0.15,200,0.6039557601437554
130035,Restore both,16.0,0.15,200,0.8261155694986126
130036,Control,5.0,-0.15,200,0.38109957452487975
130036,Restore gamma only,16.0,-0.15,200,0.19599527790422575
130036,Restore delta_c only,5.0,0.15,200,0.629843412855222
130036,Restore both,16.0,0.15,200,0.8275388499709586
130037,Control,5.0,-0.15,200,0.3621356256592949
130037,Restore gamma only,16.0,-0.15,200,0.17161012248628327
130037,Restore delta_c only,5.0,0.15,200,0.6114364718179836
130037,Restore both,16.0,0.15,200,0.8288332828884845
130038,Control,5.0,-0.15,200,0.322542374048734
130038,Restore gamma only,16.0,-0.15,200,0.08433678485073214
130038,Restore delta_c only,5.0,0.15,200,0.591088344776785
130038,Restore both,16.0,0.15,200,0.7473189865115145
130039,Control,5.0,-0.15,200,0.4258476949499055
130039,Restore gamma only,16.0,-0.15,200,0.30025785659162
130039,Restore delta_c only,5.0,0.15,200,0.6866104797654989
130039,Restore both,16.0,0.15,200,0.8867028144231814
130040,Control,5.0,-0.15,200,0.3595928828133726
130040,Restore gamma only,16.0,-0.15,200,0.1181260702025595
130040,Restore delta_c only,5.0,0.15,200,0.6049234660650423
130040,Restore both,16.0,0.15,200,0.8503954299138846
130041,Control,5.0,-0.15,200,0.36025167111387996
130041,Restore gamma only,16.0,-0.15,200,0.17460548561505743
130041,Restore delta_c only,5.0,0.15,200,0.6065470311492611
130041,Restore both,16.0,0.15,200,0.8252620094136266
130042,Control,5.0,-0.15,200,0.4688020908448019
130042,Restore gamma only,16.0,-0.15,200,0.37967161305266706
130042,Restore delta_c only,5.0,0.15,200,0.7199384810787375
130042,Restore both,16.0,0.15,200,0.9520740938672978
130043,Control,5.0,-0.15,200,0.3854863051553758
130043,Restore gamma only,16.0,-0.15,200,0.18460326829998885
130043,Restore delta_c only,5.0,0.15,200,0.6305453307656714
130043,Restore both,16.0,0.15,200,0.8678707107774366
130044,Control,5.0,-0.15,200,0.4273176538412373
130044,Restore gamma only,16.0,-0.15,200,0.2460552633435041
130044,Restore delta_c only,5.0,0.15,200,0.6758854925702521
130044,Restore both,16.0,0.15,200,0.91158207458867
130045,Control,5.0,-0.15,200,0.3323372752215184
130045,Restore gamma only,16.0,-0.15,200,0.10101199201607415
130045,Restore delta_c only,5.0,0.15,200,0.5991058329221116
130045,Restore both,16.0,0.15,200,0.8079246214539323
130046,Control,5.0,-0.15,200,0.3977201470241382
130046,Restore gamma only,16.0,-0.15,200,0.24619545221356623
130046,Restore delta_c only,5.0,0.15,200,0.6595918123964107
130046,Restore both,16.0,0.15,200,0.8521475448215213
130047,Control,5.0,-0.15,200,0.32314950103426865
130047,Restore gamma only,16.0,-0.15,200,0.10994778637477429
130047,Restore delta_c only,5.0,0.15,200,0.5817440473391658
130047,Restore both,16.0,0.15,200,0.7569580819249836
130048,Control,5.0,-0.15,200,0.27402191312134105
130048,Restore gamma only,16.0,-0.15,200,0.05129826658720182
130048,Restore delta_c only,5.0,0.15,200,0.5104351995767837
130048,Restore both,16.0,0.15,200,0.5174252005863286
130049,Control,5.0,-0.15,200,0.38899043960125723
130049,Restore gamma only,16.0,-0.15,200,0.24500397413158911
130049,Restore delta_c only,5.0,0.15,200,0.6324876371738105
130049,Restore both,16.0,0.15,200,0.8261697894025208
130050,Control,5.0,-0.15,200,0.41393109829710484
130050,Restore gamma only,16.0,-0.15,200,0.21324562596101707
130050,Restore delta_c only,5.0,0.15,200,0.6495873134172521
130050,Restore both,16.0,0.15,200,0.8401781236217859
130051,Control,5.0,-0.15,200,0.3721436866566132
130051,Restore gamma only,16.0,-0.15,200,0.17711527401096028
130051,Restore delta_c only,5.0,0.15,200,0.659486915678911
130051,Restore both,16.0,0.15,200,0.8676051961175518
130052,Control,5.0,-0.15,200,0.3045923869112428
130052,Restore gamma only,16.0,-0.15,200,0.06872365814685183
130052,Restore delta_c only,5.0,0.15,200,0.5754871863580463
130052,Restore both,16.0,0.15,200,0.750574903479941
130053,Control,5.0,-0.15,200,0.3838446058418798
130053,Restore gamma only,16.0,-0.15,200,0.1437444765841239
130053,Restore delta_c only,5.0,0.15,200,0.6207829875985815
130053,Restore both,16.0,0.15,200,0.7843327600211842
130054,Control,5.0,-0.15,200,0.3191940007111816
130054,Restore gamma only,16.0,-0.15,200,0.10314230971873643
130054,Restore delta_c only,5.0,0.15,200,0.5766506782347195
130054,Restore both,16.0,0.15,200,0.748792726790291
130055,Control,5.0,-0.15,200,0.43220489430243525
130055,Restore gamma only,16.0,-0.15,200,0.2507494118256328
130055,Restore delta_c only,5.0,0.15,200,0.6971530801044092
130055,Restore both,16.0,0.15,200,0.9303172827340789
130056,Control,5.0,-0.15,200,0.4183844346374295
130056,Restore gamma only,16.0,-0.15,200,0.25947500429482045
130056,Restore delta_c only,5.0,0.15,200,0.671604104721749
130056,Restore both,16.0,0.15,200,0.9167750092970963
130057,Control,5.0,-0.15,200,0.41682994338720997
130057,Restore gamma only,16.0,-0.15,200,0.22551917907717745
130057,Restore delta_c only,5.0,0.15,200,0.6608482818807943
130057,Restore both,16.0,0.15,200,0.9081290479191589
130058,Control,5.0,-0.15,200,0.3437526653460487
130058,Restore gamma only,16.0,-0.15,200,0.10799833250020147
130058,Restore delta_c only,5.0,0.15,200,0.5994679646528327
130058,Restore both,16.0,0.15,200,0.7828392706646643
130059,Control,5.0,-0.15,200,0.3549937574555316
130059,Restore gamma only,16.0,-0.15,200,0.14374762500771338
130059,Restore delta_c only,5.0,0.15,200,0.6043444761411403
130059,Restore both,16.0,0.15,200,0.8585236329443465
130060,Control,5.0,-0.15,200,0.366309536558158
130060,Restore gamma only,16.0,-0.15,200,0.15674365374589885
130060,Restore delta_c only,5.0,0.15,200,0.5923818819020766
130060,Restore both,16.0,0.15,200,0.7947540680930544
130061,Control,5.0,-0.15,200,0.3524146338587821
130061,Restore gamma only,16.0,-0.15,200,0.09455958177120576
130061,Restore delta_c only,5.0,0.15,200,0.6103068351432319
130061,Restore both,16.0,0.15,200,0.8394679557018869
130062,Control,5.0,-0.15,200,0.48565006814347733
130062,Restore gamma only,16.0,-0.15,200,0.48230441477148306
130062,Restore delta_c only,5.0,0.15,200,0.7301285993017905
130062,Restore both,16.0,0.15,200,0.9444189892817889
130063,Control,5.0,-0.15,200,0.4140932204345928
130063,Restore gamma only,16.0,-0.15,200,0.2652442109005233
130063,Restore delta_c only,5.0,0.15,200,0.6609340447103719
130063,Restore both,16.0,0.15,200,0.9260098604924422
130064,Control,5.0,-0.15,200,0.42284137255752546
130064,Restore gamma only,16.0,-0.15,200,0.23885645097563188
130064,Restore delta_c only,5.0,0.15,200,0.6632185586235808
130064,Restore both,16.0,0.15,200,0.8955189848449584
130065,Control,5.0,-0.15,200,0.32843463961999175
130065,Restore gamma only,16.0,-0.15,200,0.14422785320581222
130065,Restore delta_c only,5.0,0.15,200,0.5684306774163983
130065,Restore both,16.0,0.15,200,0.7542311417439607
130066,Control,5.0,-0.15,200,0.4057527790188577
130066,Restore gamma only,16.0,-0.15,200,0.18168755604905776
130066,Restore delta_c only,5.0,0.15,200,0.6584799146710002
130066,Restore both,16.0,0.15,200,0.8935851499280132
130067,Control,5.0,-0.15,200,0.3660785334507118
130067,Restore gamma only,16.0,-0.15,200,0.16598273920912238
130067,Restore delta_c only,5.0,0.15,200,0.6278154358187252
130067,Restore both,16.0,0.15,200,0.8192218441176797
130068,Control,5.0,-0.15,200,0.34525674688631336
130068,Restore gamma only,16.0,-0.15,200,0.12405334227002542
130068,Restore delta_c only,5.0,0.15,200,0.6056193391938295
130068,Restore both,16.0,0.15,200,0.7983609547232701
130069,Control,5.0,-0.15,200,0.33602560328764947
130069,Restore gamma only,16.0,-0.15,200,0.096096850112126
130069,Restore delta_c only,5.0,0.15,200,0.5778150412450443
130069,Restore both,16.0,0.15,200,0.7227160218979652
130070,Control,5.0,-0.15,200,0.33767667091331705
130070,Restore gamma only,16.0,-0.15,200,0.10862582543478214
130070,Restore delta_c only,5.0,0.15,200,0.5897899716441642
130070,Restore both,16.0,0.15,200,0.8180159731060548
130071,Control,5.0,-0.15,200,0.34919601775052767
130071,Restore gamma only,16.0,-0.15,200,0.11776520294640677
130071,Restore delta_c only,5.0,0.15,200,0.5969336965622141
130071,Restore both,16.0,0.15,200,0.7605411225974968
130072,Control,5.0,-0.15,200,0.3170163415439732
130072,Restore gamma only,16.0,-0.15,200,0.06606051699915141
130072,Restore delta_c only,5.0,0.15,200,0.5897790035837233
130072,Restore both,16.0,0.15,200,0.7697712082187326
130073,Control,5.0,-0.15,200,0.3243514835670313
130073,Restore gamma only,16.0,-0.15,200,0.08389329737757585
130073,Restore delta_c only,5.0,0.15,200,0.5817291805047886
130073,Restore both,16.0,0.15,200,0.7115486368315744
130074,Control,5.0,-0.15,200,0.42323369406167816
130074,Restore gamma only,16.0,-0.15,200,0.282980450464281
130074,Restore delta_c only,5.0,0.15,200,0.7106511047153586
130074,Restore both,16.0,0.15,200,0.9444380065625465
130075,Control,5.0,-0.15,200,0.3830085860317777
130075,Restore gamma only,16.0,-0.15,200,0.19979967144817073
130075,Restore delta_c only,5.0,0.15,200,0.6274209434083506
130075,Restore both,16.0,0.15,200,0.8406015602034764
130076,Control,5.0,-0.15,200,0.4409351054942829
130076,Restore gamma only,16.0,-0.15,200,0.31669798029588636
130076,Restore delta_c only,5.0,0.15,200,0.6934110677779459
130076,Restore both,16.0,0.15,200,0.9477547611937926
130077,Control,5.0,-0.15,200,0.3863812573766135
130077,Restore gamma only,16.0,-0.15,200,0.19647254118169935
130077,Restore delta_c only,5.0,0.15,200,0.6499318801552552
130077,Restore both,16.0,0.15,200,0.8222323898713557
130078,Control,5.0,-0.15,200,0.4259477231804684
130078,Restore gamma only,16.0,-0.15,200,0.2889224764699216
130078,Restore delta_c only,5.0,0.15,200,0.6871963262469175
130078,Restore both,16.0,0.15,200,0.9202689148954708
130079,Control,5.0,-0.15,200,0.43222441787916777
130079,Restore gamma only,16.0,-0.15,200,0.309833215991947
130079,Restore delta_c only,5.0,0.15,200,0.6993352592264503
130079,Restore both,16.0,0.15,200,0.9426649277043471
130080,Control,5.0,-0.15,200,0.34542135221002185
130080,Restore gamma only,16.0,-0.15,200,0.11353706774271792
130080,Restore delta_c only,5.0,0.15,200,0.5900022952821422
130080,Restore both,16.0,0.15,200,0.775597441267006
130081,Control,5.0,-0.15,200,0.4208988830224017
130081,Restore gamma only,16.0,-0.15,200,0.22141864404880812
130081,Restore delta_c only,5.0,0.15,200,0.6645469971219149
130081,Restore both,16.0,0.15,200,0.890068469998974
130082,Control,5.0,-0.15,200,0.4250808123990225
130082,Restore gamma only,16.0,-0.15,200,0.2625011613151178
130082,Restore delta_c only,5.0,0.15,200,0.6870129772076368
130082,Restore both,16.0,0.15,200,0.9014326730720755
130083,Control,5.0,-0.15,200,0.3534032207373958
130083,Restore gamma only,16.0,-0.15,200,0.11380522543673204
130083,Restore delta_c only,5.0,0.15,200,0.5999436950575588
130083,Restore both,16.0,0.15,200,0.8094631780025496
130084,Control,5.0,-0.15,200,0.31883147431508485
130084,Restore gamma only,16.0,-0.15,200,0.06668508491962079
130084,Restore delta_c only,5.0,0.15,200,0.5578811193898678
130084,Restore both,16.0,0.15,200,0.6505033928625437
130085,Control,5.0,-0.15,200,0.42081900828025726
130085,Restore gamma only,16.0,-0.15,200,0.2799395519563274
130085,Restore delta_c only,5.0,0.15,200,0.6929349585680531
130085,Restore both,16.0,0.15,200,0.8906095310883099
130086,Control,5.0,-0.15,200,0.3948823610006673
130086,Restore gamma only,16.0,-0.15,200,0.21124438235858262
130086,Restore delta_c only,5.0,0.15,200,0.6475397127733215
130086,Restore both,16.0,0.15,200,0.8822935549566046
130087,Control,5.0,-0.15,200,0.41790201934927446
130087,Restore gamma only,16.0,-0.15,200,0.19352328259658086
130087,Restore delta_c only,5.0,0.15,200,0.6727608825561656
130087,Restore both,16.0,0.15,200,0.8976460049215766
130088,Control,5.0,-0.15,200,0.36413736398253155
130088,Restore gamma only,16.0,-0.15,200,0.15022598194772974
130088,Restore delta_c only,5.0,0.15,200,0.6078027937800102
130088,Restore both,16.0,0.15,200,0.8414421387857106
130089,Control,5.0,-0.15,200,0.39747831739845885
130089,Restore gamma only,16.0,-0.15,200,0.19761668025509369
130089,Restore delta_c only,5.0,0.15,200,0.6669884098763861
130089,Restore both,16.0,0.15,200,0.8901664602119432
130090,Control,5.0,-0.15,200,0.3776910932141357
130090,Restore gamma only,16.0,-0.15,200,0.17891202622928287
130090,Restore delta_c only,5.0,0.15,200,0.6429536384751843
130090,Restore both,16.0,0.15,200,0.8823579610584944
130091,Control,5.0,-0.15,200,0.36430047162970297
130091,Restore gamma only,16.0,-0.15,200,0.14188946591540536
130091,Restore delta_c only,5.0,0.15,200,0.621967352486656
130091,Restore both,16.0,0.15,200,0.8520029487526838
130092,Control,5.0,-0.15,200,0.464560938412523
130092,Restore gamma only,16.0,-0.15,200,0.3629227351455161
130092,Restore delta_c only,5.0,0.15,200,0.7026262418458014
130092,Restore both,16.0,0.15,200,0.9265856165808395
130093,Control,5.0,-0.15,200,0.27240389492091793
130093,Restore gamma only,16.0,-0.15,200,0.03735154877089241
130093,Restore delta_c only,5.0,0.15,200,0.5378497511547377
130093,Restore both,16.0,0.15,200,0.5760455253796968
130094,Control,5.0,-0.15,200,0.36146313347447867
130094,Restore gamma only,16.0,-0.15,200,0.17259944413300224
130094,Restore delta_c only,5.0,0.15,200,0.6033978847359565
130094,Restore both,16.0,0.15,200,0.8057144806501139
130095,Control,5.0,-0.15,200,0.3455234103728895
130095,Restore gamma only,16.0,-0.15,200,0.1386666977432884
130095,Restore delta_c only,5.0,0.15,200,0.6293022513373654
130095,Restore both,16.0,0.15,200,0.8462867848220536
130096,Control,5.0,-0.15,200,0.357682572658855
130096,Restore gamma only,16.0,-0.15,200,0.15930042888492074
130096,Restore delta_c only,5.0,0.15,200,0.6265543911063254
130096,Restore both,16.0,0.15,200,0.8504192481286222
130097,Control,5.0,-0.15,200,0.36868632757153436
130097,Restore gamma only,16.0,-0.15,200,0.12188011884029577
130097,Restore delta_c only,5.0,0.15,200,0.639967038519723
130097,Restore both,16.0,0.15,200,0.8584127939095519
130098,Control,5.0,-0.15,200,0.3713318991818985
130098,Restore gamma only,16.0,-0.15,200,0.18782298987806667
130098,Restore delta_c only,5.0,0.15,200,0.6467328185190678
130098,Restore both,16.0,0.15,200,0.8777676216710715
130099,Control,5.0,-0.15,200,0.3708190611891274
130099,Restore gamma only,16.0,-0.15,200,0.19979045873214119
130099,Restore delta_c only,5.0,0.15,200,0.6559929826273293
130099,Restore both,16.0,0.15,200,0.9060048992717126
130100,Control,5.0,-0.15,200,0.3674258919430518
130100,Restore gamma only,16.0,-0.15,200,0.14290215742272938
130100,Restore delta_c only,5.0,0.15,200,0.6294532190646079
130100,Restore both,16.0,0.15,200,0.8149501205942373
130101,Control,5.0,-0.15,200,0.3603386843046714
130101,Restore gamma only,16.0,-0.15,200,0.13901774594042518
130101,Restore delta_c only,5.0,0.15,200,0.5909799891400708
130101,Restore both,16.0,0.15,200,0.7719189156211129
130102,Control,5.0,-0.15,200,0.43403736595912823
130102,Restore gamma only,16.0,-0.15,200,0.32702659385662236
130102,Restore delta_c only,5.0,0.15,200,0.6653608035726254
130102,Restore both,16.0,0.15,200,0.9010930809520804
130103,Control,5.0,-0.15,200,0.3572076586896566
130103,Restore gamma only,16.0,-0.15,200,0.15832575932272186
130103,Restore delta_c only,5.0,0.15,200,0.622724770735243
130103,Restore both,16.0,0.15,200,0.8500087577357722
130104,Control,5.0,-0.15,200,0.37231349725243523
130104,Restore gamma only,16.0,-0.15,200,0.14673773497102519
130104,Restore delta_c only,5.0,0.15,200,0.6335236255947477
130104,Restore both,16.0,0.15,200,0.8301108584724507
130105,Control,5.0,-0.15,200,0.36092509087297026
130105,Restore gamma only,16.0,-0.15,200,0.16046318055619543
130105,Restore delta_c only,5.0,0.15,200,0.6205036417154899
130105,Restore both,16.0,0.15,200,0.8157061649378139
130106,Control,5.0,-0.15,200,0.3160829011064804
130106,Restore gamma only,16.0,-0.15,200,0.06491326746154266
130106,Restore delta_c only,5.0,0.15,200,0.5802728149457422
130106,Restore both,16.0,0.15,200,0.7761383866162044
130107,Control,5.0,-0.15,200,0.38914971717346125
130107,Restore gamma only,16.0,-0.15,200,0.171609653834468
130107,Restore delta_c only,5.0,0.15,200,0.6263092658258285
130107,Restore both,16.0,0.15,200,0.8500762449099858
130108,Control,5.0,-0.15,200,0.3706278911082216
130108,Restore gamma only,16.0,-0.15,200,0.16637092706606668
130108,Restore delta_c only,5.0,0.15,200,0.6417425588118345
130108,Restore both,16.0,0.15,200,0.8533225462935746
130109,Control,5.0,-0.15,200,0.3749070158070439
130109,Restore gamma only,16.0,-0.15,200,0.14150516936019797
130109,Restore delta_c only,5.0,0.15,200,0.6305463572212896
130109,Restore both,16.0,0.15,200,0.8733929880468593
130110,Control,5.0,-0.15,200,0.3675064238457065
130110,Restore gamma only,16.0,-0.15,200,0.1116436655644374
130110,Restore delta_c only,5.0,0.15,200,0.6411644681903219
130110,Restore both,16.0,0.15,200,0.8654225709688735
130111,Control,5.0,-0.15,200,0.35991208406734787
130111,Restore gamma only,16.0,-0.15,200,0.12873123303838205
130111,Restore delta_c only,5.0,0.15,200,0.6259811083079962
130111,Restore both,16.0,0.15,200,0.8630318544097944
130112,Control,5.0,-0.15,200,0.3905907362027129
130112,Restore gamma only,16.0,-0.15,200,0.20574551352957512
130112,Restore delta_c only,5.0,0.15,200,0.6400649305676771
130112,Restore both,16.0,0.15,200,0.8938903263101742
130113,Control,5.0,-0.15,200,0.3875874683906344
130113,Restore gamma only,16.0,-0.15,200,0.1593595310496909
130113,Restore delta_c only,5.0,0.15,200,0.6365815304366144
130113,Restore both,16.0,0.15,200,0.8294907224680769
130114,Control,5.0,-0.15,200,0.32832443022929864
130114,Restore gamma only,16.0,-0.15,200,0.08365327946003061
130114,Restore delta_c only,5.0,0.15,200,0.5861070753220866
130114,Restore both,16.0,0.15,200,0.7069601952316313
130115,Control,5.0,-0.15,200,0.33322977241467433
130115,Restore gamma only,16.0,-0.15,200,0.07891717879678505
130115,Restore delta_c only,5.0,0.15,200,0.5845998417139634
130115,Restore both,16.0,0.15,200,0.7565113455011405
130116,Control,5.0,-0.15,200,0.33608105588132103
130116,Restore gamma only,16.0,-0.15,200,0.10423844156445489
130116,Restore delta_c only,5.0,0.15,200,0.564407139215085
130116,Restore both,16.0,0.15,200,0.6880957137620491
130117,Control,5.0,-0.15,200,0.37375264640323946
130117,Restore gamma only,16.0,-0.15,200,0.16720677145306484
130117,Restore delta_c only,5.0,0.15,200,0.6439357362339209
130117,Restore both,16.0,0.15,200,0.8270760111623826
130118,Control,5.0,-0.15,200,0.3421977590953176
130118,Restore gamma only,16.0,-0.15,200,0.10408439093390434
130118,Restore delta_c only,5.0,0.15,200,0.5866785707341178
130118,Restore both,16.0,0.15,200,0.6669246963155075
130119,Control,5.0,-0.15,200,0.32895078577194986
130119,Restore gamma only,16.0,-0.15,200,0.10854789775845514
130119,Restore delta_c only,5.0,0.15,200,0.5710743162627163
130119,Restore both,16.0,0.15,200,0.7113087754212424
130120,Control,5.0,-0.15,200,0.43260946381582904
130120,Restore gamma only,16.0,-0.15,200,0.30862831156572645
130120,Restore delta_c only,5.0,0.15,200,0.6912967191932566
130120,Restore both,16.0,0.15,200,0.9244529207043855
130121,Control,5.0,-0.15,200,0.41541491525690416
130121,Restore gamma only,16.0,-0.15,200,0.25484557517974926
130121,Restore delta_c only,5.0,0.15,200,0.6773271697364742
130121,Restore both,16.0,0.15,200,0.9282814977067956
130122,Control,5.0,-0.15,200,0.4245292102998261
130122,Restore gamma only,16.0,-0.15,200,0.28885547938533374
130122,Restore delta_c only,5.0,0.15,200,0.6645104646072624
130122,Restore both,16.0,0.15,200,0.9217796224381103
130123,Control,5.0,-0.15,200,0.36047192871431444
130123,Restore gamma only,16.0,-0.15,200,0.14820742014880894
130123,Restore delta_c only,5.0,0.15,200,0.6088802376003015
130123,Restore both,16.0,0.15,200,0.7694804532517463
130124,Control,5.0,-0.15,200,0.3981284589396654
130124,Restore gamma only,16.0,-0.15,200,0.20980658626840248
130124,Restore delta_c only,5.0,0.15,200,0.6404773889587836
130124,Restore both,16.0,0.15,200,0.8694252192582366
130125,Control,5.0,-0.15,200,0.31896635214933505
130125,Restore gamma only,16.0,-0.15,200,0.07793446690894419
130125,Restore delta_c only,5.0,0.15,200,0.5912694387199644
130125,Restore both,16.0,0.15,200,0.7336251735220991
130126,Control,5.0,-0.15,200,0.3968912844187865
130126,Restore gamma only,16.0,-0.15,200,0.19909263358655868
130126,Restore delta_c only,5.0,0.15,200,0.6389422088584863
130126,Restore both,16.0,0.15,200,0.9015255018475107
130127,Control,5.0,-0.15,200,0.3780550806782005
130127,Restore gamma only,16.0,-0.15,200,0.1751859767465434
130127,Restore delta_c only,5.0,0.15,200,0.6418628432341006
130127,Restore both,16.0,0.15,200,0.8985306429548875
130128,Control,5.0,-0.15,200,0.3309595036931688
130128,Restore gamma only,16.0,-0.15,200,0.08052681684216774
130128,Restore delta_c only,5.0,0.15,200,0.5594563767931866
130128,Restore both,16.0,0.15,200,0.7101744665875287
130129,Control,5.0,-0.15,200,0.3163072612944807
130129,Restore gamma only,16.0,-0.15,200,0.05570389945863373
130129,Restore delta_c only,5.0,0.15,200,0.5684973582955702
130129,Restore both,16.0,0.15,200,0.7398804250805034
130130,Control,5.0,-0.15,200,0.3676260839836494
130130,Restore gamma only,16.0,-0.15,200,0.15970031615021202
130130,Restore delta_c only,5.0,0.15,200,0.5952641135510562
130130,Restore both,16.0,0.15,200,0.8368973270303732
130131,Control,5.0,-0.15,200,0.40472009942882486
130131,Restore gamma only,16.0,-0.15,200,0.2066388205499465
130131,Restore delta_c only,5.0,0.15,200,0.6554437228360801
130131,Restore both,16.0,0.15,200,0.9156448372774757
130132,Control,5.0,-0.15,200,0.35773074587777104
130132,Restore gamma only,16.0,-0.15,200,0.11315361106208525
130132,Restore delta_c only,5.0,0.15,200,0.6282729027364531
130132,Restore both,16.0,0.15,200,0.8261629851415652
130133,Control,5.0,-0.15,200,0.3224705269319864
130133,Restore gamma only,16.0,-0.15,200,0.09614467530503629
130133,Restore delta_c only,5.0,0.15,200,0.5545451155845784
130133,Restore both,16.0,0.15,200,0.6666828695006569
130134,Control,5.0,-0.15,200,0.3597217086216393
130134,Restore gamma only,16.0,-0.15,200,0.15288149581580018
130134,Restore delta_c only,5.0,0.15,200,0.6041960252002239
130134,Restore both,16.0,0.15,200,0.7876168386713309
130135,Control,5.0,-0.15,200,0.35828621033238617
130135,Restore gamma only,16.0,-0.15,200,0.14078474903651358
130135,Restore delta_c only,5.0,0.15,200,0.6439939682942338
130135,Restore both,16.0,0.15,200,0.8572009801147701
130136,Control,5.0,-0.15,200,0.43286789793480934
130136,Restore gamma only,16.0,-0.15,200,0.29960742546410235
130136,Restore delta_c only,5.0,0.15,200,0.6681533967603519
130136,Restore both,16.0,0.15,200,0.8931427327691683
130137,Control,5.0,-0.15,200,0.3929794634609358
130137,Restore gamma only,16.0,-0.15,200,0.1569708258710292
130137,Restore delta_c only,5.0,0.15,200,0.6374569878243315
130137,Restore both,16.0,0.15,200,0.8784168746623726
130138,Control,5.0,-0.15,200,0.3520248059970465
130138,Restore gamma only,16.0,-0.15,200,0.14656075173868546
130138,Restore delta_c only,5.0,0.15,200,0.6306531736094699
130138,Restore both,16.0,0.15,200,0.847604261954585
130139,Control,5.0,-0.15,200,0.3184183005187501
130139,Restore gamma only,16.0,-0.15,200,0.07955697133367964
130139,Restore delta_c only,5.0,0.15,200,0.5776323066242981
130139,Restore both,16.0,0.15,200,0.7256425231347332
130140,Control,5.0,-0.15,200,0.3659156130783807
130140,Restore gamma only,16.0,-0.15,200,0.17336714850120663
130140,Restore delta_c only,5.0,0.15,200,0.6469343304856383
130140,Restore both,16.0,0.15,200,0.8815992110795534
130141,Control,5.0,-0.15,200,0.37502013348489366
130141,Restore gamma only,16.0,-0.15,200,0.16739926797181753
130141,Restore delta_c only,5.0,0.15,200,0.6486892230156048
130141,Restore both,16.0,0.15,200,0.8859702937208924
130142,Control,5.0,-0.15,200,0.3682508291555523
130142,Restore gamma only,16.0,-0.15,200,0.1238089136646516
130142,Restore delta_c only,5.0,0.15,200,0.6366487697027378
130142,Restore both,16.0,0.15,200,0.872552048344445
130143,Control,5.0,-0.15,200,0.42313728187079164
130143,Restore gamma only,16.0,-0.15,200,0.2406402024224747
130143,Restore delta_c only,5.0,0.15,200,0.6738045920035531
130143,Restore both,16.0,0.15,200,0.9097130970640286
130144,Control,5.0,-0.15,200,0.3270694622753181
130144,Restore gamma only,16.0,-0.15,200,0.10648940344800527
130144,Restore delta_c only,5.0,0.15,200,0.5617771361358805
130144,Restore both,16.0,0.15,200,0.795690904771032
130145,Control,5.0,-0.15,200,0.30644145303300246
130145,Restore gamma only,16.0,-0.15,200,0.047568757318470906
130145,Restore delta_c only,5.0,0.15,200,0.5643883434207116
130145,Restore both,16.0,0.15,200,0.6681052152688756
130146,Control,5.0,-0.15,200,0.3593108221172331
130146,Restore gamma only,16.0,-0.15,200,0.1657769585024595
130146,Restore delta_c only,5.0,0.15,200,0.6264692190875544
130146,Restore both,16.0,0.15,200,0.8562712827977172
130147,Control,5.0,-0.15,200,0.3650033762934106
130147,Restore gamma only,16.0,-0.15,200,0.14354720058570344
130147,Restore delta_c only,5.0,0.15,200,0.6485328092686069
130147,Restore both,16.0,0.15,200,0.8871137154415786
130148,Control,5.0,-0.15,200,0.4407841588633607
130148,Restore gamma only,16.0,-0.15,200,0.31242837790226174
130148,Restore delta_c only,5.0,0.15,200,0.6739595927809212
130148,Restore both,16.0,0.15,200,0.8944906282152971
130149,Control,5.0,-0.15,200,0.39667831172040413
130149,Restore gamma only,16.0,-0.15,200,0.1490043427693908
130149,Restore delta_c only,5.0,0.15,200,0.6558780291140106
130149,Restore both,16.0,0.15,200,0.9078194726949647
130150,Control,5.0,-0.15,200,0.37584825531626465
130150,Restore gamma only,16.0,-0.15,200,0.15757823467494889
130150,Restore delta_c only,5.0,0.15,200,0.6078779383743252
130150,Restore both,16.0,0.15,200,0.8473914790907636
130151,Control,5.0,-0.15,200,0.36514548530822405
130151,Restore gamma only,16.0,-0.15,200,0.15012371753813347
130151,Restore delta_c only,5.0,0.15,200,0.611234321816385
130151,Restore both,16.0,0.15,200,0.8208264926229774
130152,Control,5.0,-0.15,200,0.41611366014408496
130152,Restore gamma only,16.0,-0.15,200,0.2755624572434045
130152,Restore delta_c only,5.0,0.15,200,0.642362983707673
130152,Restore both,16.0,0.15,200,0.8759250137281094
130153,Control,5.0,-0.15,200,0.3278930172087713
130153,Restore gamma only,16.0,-0.15,200,0.09122685113015264
130153,Restore delta_c only,5.0,0.15,200,0.5833446640468636
130153,Restore both,16.0,0.15,200,0.736946089756936
130154,Control,5.0,-0.15,200,0.36619379236916905
130154,Restore gamma only,16.0,-0.15,200,0.15098020362341566
130154,Restore delta_c only,5.0,0.15,200,0.6283377754750014
130154,Restore both,16.0,0.15,200,0.8555358567384586
130155,Control,5.0,-0.15,200,0.35074514191852585
130155,Restore gamma only,16.0,-0.15,200,0.14102810812871452
130155,Restore delta_c only,5.0,0.15,200,0.599848206277771
130155,Restore both,16.0,0.15,200,0.7977405868785762
130156,Control,5.0,-0.15,200,0.38399115480346885
130156,Restore gamma only,16.0,-0.15,200,0.1425532179413575
130156,Restore delta_c only,5.0,0.15,200,0.6139138910192318
130156,Restore both,16.0,0.15,200,0.8131524664975942
130157,Control,5.0,-0.15,200,0.305038201493895
130157,Restore gamma only,16.0,-0.15,200,0.0970821852798924
130157,Restore delta_c only,5.0,0.15,200,0.5903744432276137
130157,Restore both,16.0,0.15,200,0.8122265683176795
130158,Control,5.0,-0.15,200,0.3429654693832104
130158,Restore gamma only,16.0,-0.15,200,0.1344627099955482
130158,Restore delta_c only,5.0,0.15,200,0.5800797250333927
130158,Restore both,16.0,0.15,200,0.7535309661763827
130159,Control,5.0,-0.15,200,0.3339833498599645
130159,Restore gamma only,16.0,-0.15,200,0.08165951764821978
130159,Restore delta_c only,5.0,0.15,200,0.5919918435319711
130159,Restore both,16.0,0.15,200,0.7607852662043594
130160,Control,5.0,-0.15,200,0.3689628251447389
130160,Restore gamma only,16.0,-0.15,200,0.12925454161566544
130160,Restore delta_c only,5.0,0.15,200,0.6342404772214014
130160,Restore both,16.0,0.15,200,0.8654892684330201
130161,Control,5.0,-0.15,200,0.397149674929965
130161,Restore gamma only,16.0,-0.15,200,0.2885110900141557
130161,Restore delta_c only,5.0,0.15,200,0.6572445790861123
130161,Restore both,16.0,0.15,200,0.8663259764638263
130162,Control,5.0,-0.15,200,0.3521138610449014
130162,Restore gamma only,16.0,-0.15,200,0.11066635239141416
130162,Restore delta_c only,5.0,0.15,200,0.5834153297130544
130162,Restore both,16.0,0.15,200,0.7414052370329632
130163,Control,5.0,-0.15,200,0.387907581844677
130163,Restore gamma only,16.0,-0.15,200,0.16608103616065717
130163,Restore delta_c only,5.0,0.15,200,0.6256651468944581
130163,Restore both,16.0,0.15,200,0.8473236778364895
130164,Control,5.0,-0.15,200,0.3867723885525814
130164,Restore gamma only,16.0,-0.15,200,0.12285942071083492
130164,Restore delta_c only,5.0,0.15,200,0.6467089292771039
130164,Restore both,16.0,0.15,200,0.8690876138724778
130165,Control,5.0,-0.15,200,0.2980605782814463
130165,Restore gamma only,16.0,-0.15,200,0.07405919879224272
130165,Restore delta_c only,5.0,0.15,200,0.5614926113663202
130165,Restore both,16.0,0.15,200,0.6961926634284721
130166,Control,5.0,-0.15,200,0.3866458415445952
130166,Restore gamma only,16.0,-0.15,200,0.17377564918036853
130166,Restore delta_c only,5.0,0.15,200,0.629454434062553
130166,Restore both,16.0,0.15,200,0.8088723609432562
130167,Control,5.0,-0.15,200,0.3934295555385623
130167,Restore gamma only,16.0,-0.15,200,0.1435793024805628
130167,Restore delta_c only,5.0,0.15,200,0.649001435589784
130167,Restore both,16.0,0.15,200,0.9131380037117488
130168,Control,5.0,-0.15,200,0.34443680815457645
130168,Restore gamma only,16.0,-0.15,200,0.13208791035442574
130168,Restore delta_c only,5.0,0.15,200,0.598023348116671
130168,Restore both,16.0,0.15,200,0.7606391287375713
130169,Control,5.0,-0.15,200,0.40135062242588615
130169,Restore gamma only,16.0,-0.15,200,0.1983561618069688
130169,Restore delta_c only,5.0,0.15,200,0.6583102244442844
130169,Restore both,16.0,0.15,200,0.8802056007441014
130170,Control,5.0,-0.15,200,0.35941579816972896
130170,Restore gamma only,16.0,-0.15,200,0.09578766542514602
130170,Restore delta_c only,5.0,0.15,200,0.6266797996992481
130170,Restore both,16.0,0.15,200,0.8505158502999075
130171,Control,5.0,-0.15,200,0.40195986502172476
130171,Restore gamma only,16.0,-0.15,200,0.20103247333265828
130171,Restore delta_c only,5.0,0.15,200,0.652728275279355
130171,Restore both,16.0,0.15,200,0.8963345269102078
130172,Control,5.0,-0.15,200,0.3826623491447214
130172,Restore gamma only,16.0,-0.15,200,0.15322214963185327
130172,Restore delta_c only,5.0,0.15,200,0.6156748777863471
130172,Restore both,16.0,0.15,200,0.8739095161109856
130173,Control,5.0,-0.15,200,0.36230339224237207
130173,Restore gamma only,16.0,-0.15,200,0.12658944011239526
130173,Restore delta_c only,5.0,0.15,200,0.6145631515607269
130173,Restore both,16.0,0.15,200,0.8400152956885478
130174,Control,5.0,-0.15,200,0.3412161908251767
130174,Restore gamma only,16.0,-0.15,200,0.11284011869162715
130174,Restore delta_c only,5.0,0.15,200,0.6109446684149935
130174,Restore both,16.0,0.15,200,0.8160624328834772
130175,Control,5.0,-0.15,200,0.31759742600895396
130175,Restore gamma only,16.0,-0.15,200,0.07321009896117232
130175,Restore delta_c only,5.0,0.15,200,0.5721618763895127
130175,Restore both,16.0,0.15,200,0.7672937854436291
130176,Control,5.0,-0.15,200,0.36116530728002916
130176,Restore gamma only,16.0,-0.15,200,0.15653127240291942
130176,Restore delta_c only,5.0,0.15,200,0.6070867110073613
130176,Restore both,16.0,0.15,200,0.7745634915791697
130177,Control,5.0,-0.15,200,0.3430540206680736
130177,Restore gamma only,16.0,-0.15,200,0.14773855358356572
130177,Restore delta_c only,5.0,0.15,200,0.6303908504810891
130177,Restore both,16.0,0.15,200,0.8774118894498681
130178,Control,5.0,-0.15,200,0.33590094460429304
130178,Restore gamma only,16.0,-0.15,200,0.10058926660453875
130178,Restore delta_c only,5.0,0.15,200,0.570619417565127
130178,Restore both,16.0,0.15,200,0.6793845982312449
130179,Control,5.0,-0.15,200,0.41880444674372375
130179,Restore gamma only,16.0,-0.15,200,0.2874954432719521
130179,Restore delta_c only,5.0,0.15,200,0.67729750503892
130179,Restore both,16.0,0.15,200,0.9284980905967547
130180,Control,5.0,-0.15,200,0.3665519843376398
130180,Restore gamma only,16.0,-0.15,200,0.14361705774490724
130180,Restore delta_c only,5.0,0.15,200,0.6269190915568714
130180,Restore both,16.0,0.15,200,0.8198207739909448
130181,Control,5.0,-0.15,200,0.37116436219238524
130181,Restore gamma only,16.0,-0.15,200,0.1323334087393002
130181,Restore delta_c only,5.0,0.15,200,0.6184716999700525
130181,Restore both,16.0,0.15,200,0.8072859468185488
130182,Control,5.0,-0.15,200,0.3728595668782144
130182,Restore gamma only,16.0,-0.15,200,0.15484208415897832
130182,Restore delta_c only,5.0,0.15,200,0.6452314749414418
130182,Restore both,16.0,0.15,200,0.8727721218694439
130183,Control,5.0,-0.15,200,0.3773764878918714
130183,Restore gamma only,16.0,-0.15,200,0.18779541031294694
130183,Restore delta_c only,5.0,0.15,200,0.6420678921441538
130183,Restore both,16.0,0.15,200,0.8924006741407732
130184,Control,5.0,-0.15,200,0.3436088790826129
130184,Restore gamma only,16.0,-0.15,200,0.0987603436098132
130184,Restore delta_c only,5.0,0.15,200,0.619425486505222
130184,Restore both,16.0,0.15,200,0.7828487627462569
130185,Control,5.0,-0.15,200,0.43561504703459464
130185,Restore gamma only,16.0,-0.15,200,0.2965998563199983
130185,Restore delta_c only,5.0,0.15,200,0.6494983476970303
130185,Restore both,16.0,0.15,200,0.8888322113675889
130186,Control,5.0,-0.15,200,0.44681311065217855
130186,Restore gamma only,16.0,-0.15,200,0.3699350096752888
130186,Restore delta_c only,5.0,0.15,200,0.6916037879378939
130186,Restore both,16.0,0.15,200,0.9226543237419551
130187,Control,5.0,-0.15,200,0.38973775001565775
130187,Restore gamma only,16.0,-0.15,200,0.2124256471786548
130187,Restore delta_c only,5.0,0.15,200,0.6471588152000323
130187,Restore both,16.0,0.15,200,0.9071452643613308
130188,Control,5.0,-0.15,200,0.3387341226394849
130188,Restore gamma only,16.0,-0.15,200,0.12812232572696616
130188,Restore delta_c only,5.0,0.15,200,0.623030197948601
130188,Restore both,16.0,0.15,200,0.8045031234379724
130189,Control,5.0,-0.15,200,0.3749767292470898
130189,Restore gamma only,16.0,-0.15,200,0.14337444698609944
130189,Restore delta_c only,5.0,0.15,200,0.6287463237368895
130189,Restore both,16.0,0.15,200,0.8347476070848748
130190,Control,5.0,-0.15,200,0.4029282840162453
130190,Restore gamma only,16.0,-0.15,200,0.16798106133732518
130190,Restore delta_c only,5.0,0.15,200,0.6447452015218569
130190,Restore both,16.0,0.15,200,0.8594753406180193
130191,Control,5.0,-0.15,200,0.3908519081467437
130191,Restore gamma only,16.0,-0.15,200,0.18198538530963598
130191,Restore delta_c only,5.0,0.15,200,0.6453648303735935
130191,Restore both,16.0,0.15,200,0.8930026801542865
130192,Control,5.0,-0.15,200,0.36139219089049557
130192,Restore gamma only,16.0,-0.15,200,0.08351978720717984
130192,Restore delta_c only,5.0,0.15,200,0.6376971148308214
130192,Restore both,16.0,0.15,200,0.8368229715294911
130193,Control,5.0,-0.15,200,0.3910572313550737
130193,Restore gamma only,16.0,-0.15,200,0.12168369149550701
130193,Restore delta_c only,5.0,0.15,200,0.6352612218624718
130193,Restore both,16.0,0.15,200,0.898611618748527
130194,Control,5.0,-0.15,200,0.4341771478223642
130194,Restore gamma only,16.0,-0.15,200,0.30025789454955676
130194,Restore delta_c only,5.0,0.15,200,0.6622047998364077
130194,Restore both,16.0,0.15,200,0.9081835000138012
130195,Control,5.0,-0.15,200,0.4499048521244046
130195,Restore gamma only,16.0,-0.15,200,0.3662497213083567
130195,Restore delta_c only,5.0,0.15,200,0.6785486298407349
130195,Restore both,16.0,0.15,200,0.9170730137499636
130196,Control,5.0,-0.15,200,0.3343501483566068
130196,Restore gamma only,16.0,-0.15,200,0.09001727823746512
130196,Restore delta_c only,5.0,0.15,200,0.5618499753951121
130196,Restore both,16.0,0.15,200,0.6813946186435251
130197,Control,5.0,-0.15,200,0.3968379567572216
130197,Restore gamma only,16.0,-0.15,200,0.21093934337514514
130197,Restore delta_c only,5.0,0.15,200,0.6576961813602158
130197,Restore both,16.0,0.15,200,0.9030707407392413
130198,Control,5.0,-0.15,200,0.361107283150664
130198,Restore gamma only,16.0,-0.15,200,0.14400805900444594
130198,Restore delta_c only,5.0,0.15,200,0.6070768670042226
130198,Restore both,16.0,0.15,200,0.8237111069163845
130199,Control,5.0,-0.15,200,0.3855731710036763
130199,Restore gamma only,16.0,-0.15,200,0.19642901085834447
130199,Restore delta_c only,5.0,0.15,200,0.6454376123446043
130199,Restore both,16.0,0.15,200,0.878277074904522
