subject,free_energy,in_sample_rmse,baseline_rho,minimum_effective_rho,maximum_effective_rho,weeks_above_chaos_threshold,latent_lobe_crossings
1,295.9836348978316,0.05119867929697915,16.71043975609765,16.328659936617036,17.145854257075783,0,1
2,274.33562929602044,0.10063236994836718,18.002840762184793,15.64783094133524,20.177959754918263,0,1
3,283.46179048722547,0.01051557909430685,17.144717164608647,16.83317711397808,17.404077232347763,0,1
4,300.6864952862139,0.03385983889369376,16.57145063309551,16.23162633168385,16.747257319264914,0,1
5,153.2317129706253,0.16912694631145728,21.398098751313626,15.724334625458535,25.168234473623844,14,1
6,172.25990785814946,0.1549383693118692,15.310339168504026,10.500572494984183,19.555693981557756,0,1
7,172.49693665459623,0.20046263680354479,22.62968617221717,19.103356917397583,26.681210318123494,41,1
8,296.4283198042342,0.033621644225558286,17.335968506862564,16.91193400480915,17.583439684810475,0,1
9,138.76327277473342,0.06553994762916523,17.81063901579666,15.721175443581012,19.76615378859136,0,1
